2026-04-15T00:03:27+00:00 CRITICAL Declaration of Sbi\Helpers\PluginSilentUpgrader::download_package($package, $check_signatures = false) must be compatible with WP_Upgrader::download_package($package, $check_signatures = false, $hook_extra = []) di /var/www/html/surendo.co.id/wp-content/plugins/instagram-feed/inc/admin/PluginSilentUpgrader.php pada baris 279

2026-04-15T01:05:13+00:00 CRITICAL Declaration of Sbi\Helpers\PluginSilentUpgrader::download_package($package, $check_signatures = false) must be compatible with WP_Upgrader::download_package($package, $check_signatures = false, $hook_extra = []) di /var/www/html/surendo.co.id/wp-content/plugins/instagram-feed/inc/admin/PluginSilentUpgrader.php pada baris 279

2026-04-15T01:50:48+00:00 CRITICAL Declaration of Sbi\Helpers\PluginSilentUpgrader::download_package($package, $check_signatures = false) must be compatible with WP_Upgrader::download_package($package, $check_signatures = false, $hook_extra = []) di /var/www/html/surendo.co.id/wp-content/plugins/instagram-feed/inc/admin/PluginSilentUpgrader.php pada baris 279

2026-04-15T03:22:46+00:00 CRITICAL Declaration of Sbi\Helpers\PluginSilentUpgrader::download_package($package, $check_signatures = false) must be compatible with WP_Upgrader::download_package($package, $check_signatures = false, $hook_extra = []) di /var/www/html/surendo.co.id/wp-content/plugins/instagram-feed/inc/admin/PluginSilentUpgrader.php pada baris 279

2026-04-15T03:22:49+00:00 CRITICAL Declaration of Sbi\Helpers\PluginSilentUpgrader::download_package($package, $check_signatures = false) must be compatible with WP_Upgrader::download_package($package, $check_signatures = false, $hook_extra = []) di /var/www/html/surendo.co.id/wp-content/plugins/instagram-feed/inc/admin/PluginSilentUpgrader.php pada baris 279

2026-04-15T03:22:54+00:00 CRITICAL Declaration of Sbi\Helpers\PluginSilentUpgrader::download_package($package, $check_signatures = false) must be compatible with WP_Upgrader::download_package($package, $check_signatures = false, $hook_extra = []) di /var/www/html/surendo.co.id/wp-content/plugins/instagram-feed/inc/admin/PluginSilentUpgrader.php pada baris 279

2026-04-15T03:54:44+00:00 CRITICAL Declaration of Sbi\Helpers\PluginSilentUpgrader::download_package($package, $check_signatures = false) must be compatible with WP_Upgrader::download_package($package, $check_signatures = false, $hook_extra = []) di /var/www/html/surendo.co.id/wp-content/plugins/instagram-feed/inc/admin/PluginSilentUpgrader.php pada baris 279

2026-04-15T03:54:58+00:00 CRITICAL Declaration of Sbi\Helpers\PluginSilentUpgrader::download_package($package, $check_signatures = false) must be compatible with WP_Upgrader::download_package($package, $check_signatures = false, $hook_extra = []) di /var/www/html/surendo.co.id/wp-content/plugins/instagram-feed/inc/admin/PluginSilentUpgrader.php pada baris 279

2026-04-15T03:56:43+00:00 CRITICAL Declaration of Sbi\Helpers\PluginSilentUpgrader::download_package($package, $check_signatures = false) must be compatible with WP_Upgrader::download_package($package, $check_signatures = false, $hook_extra = []) di /var/www/html/surendo.co.id/wp-content/plugins/instagram-feed/inc/admin/PluginSilentUpgrader.php pada baris 279

2026-04-15T03:58:49+00:00 CRITICAL Declaration of Sbi\Helpers\PluginSilentUpgrader::download_package($package, $check_signatures = false) must be compatible with WP_Upgrader::download_package($package, $check_signatures = false, $hook_extra = []) di /var/www/html/surendo.co.id/wp-content/plugins/instagram-feed/inc/admin/PluginSilentUpgrader.php pada baris 279

2026-04-15T05:21:57+00:00 CRITICAL Declaration of Sbi\Helpers\PluginSilentUpgrader::download_package($package, $check_signatures = false) must be compatible with WP_Upgrader::download_package($package, $check_signatures = false, $hook_extra = []) di /var/www/html/surendo.co.id/wp-content/plugins/instagram-feed/inc/admin/PluginSilentUpgrader.php pada baris 279

2026-04-15T05:22:02+00:00 CRITICAL Declaration of Sbi\Helpers\PluginSilentUpgrader::download_package($package, $check_signatures = false) must be compatible with WP_Upgrader::download_package($package, $check_signatures = false, $hook_extra = []) di /var/www/html/surendo.co.id/wp-content/plugins/instagram-feed/inc/admin/PluginSilentUpgrader.php pada baris 279

2026-04-15T11:32:26+00:00 CRITICAL Declaration of Sbi\Helpers\PluginSilentUpgrader::download_package($package, $check_signatures = false) must be compatible with WP_Upgrader::download_package($package, $check_signatures = false, $hook_extra = []) di /var/www/html/surendo.co.id/wp-content/plugins/instagram-feed/inc/admin/PluginSilentUpgrader.php pada baris 279

2026-04-15T11:32:29+00:00 CRITICAL Declaration of Sbi\Helpers\PluginSilentUpgrader::download_package($package, $check_signatures = false) must be compatible with WP_Upgrader::download_package($package, $check_signatures = false, $hook_extra = []) di /var/www/html/surendo.co.id/wp-content/plugins/instagram-feed/inc/admin/PluginSilentUpgrader.php pada baris 279

2026-04-15T11:32:31+00:00 CRITICAL Declaration of Sbi\Helpers\PluginSilentUpgrader::download_package($package, $check_signatures = false) must be compatible with WP_Upgrader::download_package($package, $check_signatures = false, $hook_extra = []) di /var/www/html/surendo.co.id/wp-content/plugins/instagram-feed/inc/admin/PluginSilentUpgrader.php pada baris 279

2026-04-15T11:40:23+00:00 CRITICAL Declaration of Sbi\Helpers\PluginSilentUpgrader::download_package($package, $check_signatures = false) must be compatible with WP_Upgrader::download_package($package, $check_signatures = false, $hook_extra = []) di /var/www/html/surendo.co.id/wp-content/plugins/instagram-feed/inc/admin/PluginSilentUpgrader.php pada baris 279

2026-04-15T11:49:08+00:00 CRITICAL Declaration of Sbi\Helpers\PluginSilentUpgrader::download_package($package, $check_signatures = false) must be compatible with WP_Upgrader::download_package($package, $check_signatures = false, $hook_extra = []) di /var/www/html/surendo.co.id/wp-content/plugins/instagram-feed/inc/admin/PluginSilentUpgrader.php pada baris 279

2026-04-15T11:50:09+00:00 CRITICAL Declaration of Sbi\Helpers\PluginSilentUpgrader::download_package($package, $check_signatures = false) must be compatible with WP_Upgrader::download_package($package, $check_signatures = false, $hook_extra = []) di /var/www/html/surendo.co.id/wp-content/plugins/instagram-feed/inc/admin/PluginSilentUpgrader.php pada baris 279

2026-04-15T12:04:39+00:00 CRITICAL Declaration of Sbi\Helpers\PluginSilentUpgrader::download_package($package, $check_signatures = false) must be compatible with WP_Upgrader::download_package($package, $check_signatures = false, $hook_extra = []) di /var/www/html/surendo.co.id/wp-content/plugins/instagram-feed/inc/admin/PluginSilentUpgrader.php pada baris 279

2026-04-15T12:20:52+00:00 CRITICAL Declaration of Sbi\Helpers\PluginSilentUpgrader::download_package($package, $check_signatures = false) must be compatible with WP_Upgrader::download_package($package, $check_signatures = false, $hook_extra = []) di /var/www/html/surendo.co.id/wp-content/plugins/instagram-feed/inc/admin/PluginSilentUpgrader.php pada baris 279

2026-04-15T13:33:05+00:00 CRITICAL Uncaught TypeError: array_intersect(): Argument #2 must be of type array, string given in /var/www/html/surendo.co.id/wp-content/plugins/download-manager/libs/class.MediaAccessControl.php:80
Stack trace:
#0 /var/www/html/surendo.co.id/wp-content/plugins/download-manager/libs/class.MediaAccessControl.php(80): array_intersect()
#1 /var/www/html/surendo.co.id/wp-includes/class-wp-hook.php(308): WPDM\MediaAccessControl->protectMediaLibrary()
#2 /var/www/html/surendo.co.id/wp-includes/class-wp-hook.php(332): WP_Hook->apply_filters()
#3 /var/www/html/surendo.co.id/wp-includes/plugin.php(517): WP_Hook->do_action()
#4 /var/www/html/surendo.co.id/wp-settings.php(617): do_action()
#5 /var/www/html/surendo.co.id/wp-config.php(100): require_once('...')
#6 /var/www/html/surendo.co.id/wp-load.php(50): require_once('...')
#7 /var/www/html/surendo.co.id/wp-blog-header.php(13): require_once('...')
#8 /var/www/html/surendo.co.id/index.php(18): require('...')
#9 {main}
  thrown di /var/www/html/surendo.co.id/wp-content/plugins/download-manager/libs/class.MediaAccessControl.php pada baris 80

2026-04-15T14:59:04+00:00 CRITICAL Declaration of Sbi\Helpers\PluginSilentUpgrader::download_package($package, $check_signatures = false) must be compatible with WP_Upgrader::download_package($package, $check_signatures = false, $hook_extra = []) di /var/www/html/surendo.co.id/wp-content/plugins/instagram-feed/inc/admin/PluginSilentUpgrader.php pada baris 279

2026-04-15T14:59:06+00:00 CRITICAL Declaration of Sbi\Helpers\PluginSilentUpgrader::download_package($package, $check_signatures = false) must be compatible with WP_Upgrader::download_package($package, $check_signatures = false, $hook_extra = []) di /var/www/html/surendo.co.id/wp-content/plugins/instagram-feed/inc/admin/PluginSilentUpgrader.php pada baris 279

2026-04-15T15:37:56+00:00 CRITICAL Uncaught TypeError: array_intersect(): Argument #2 must be of type array, string given in /var/www/html/surendo.co.id/wp-content/plugins/download-manager/libs/class.MediaAccessControl.php:80
Stack trace:
#0 /var/www/html/surendo.co.id/wp-content/plugins/download-manager/libs/class.MediaAccessControl.php(80): array_intersect()
#1 /var/www/html/surendo.co.id/wp-includes/class-wp-hook.php(308): WPDM\MediaAccessControl->protectMediaLibrary()
#2 /var/www/html/surendo.co.id/wp-includes/class-wp-hook.php(332): WP_Hook->apply_filters()
#3 /var/www/html/surendo.co.id/wp-includes/plugin.php(517): WP_Hook->do_action()
#4 /var/www/html/surendo.co.id/wp-settings.php(617): do_action()
#5 /var/www/html/surendo.co.id/wp-config.php(100): require_once('...')
#6 /var/www/html/surendo.co.id/wp-load.php(50): require_once('...')
#7 /var/www/html/surendo.co.id/wp-blog-header.php(13): require_once('...')
#8 /var/www/html/surendo.co.id/index.php(18): require('...')
#9 {main}
  thrown di /var/www/html/surendo.co.id/wp-content/plugins/download-manager/libs/class.MediaAccessControl.php pada baris 80

2026-04-15T16:04:33+00:00 CRITICAL Declaration of Sbi\Helpers\PluginSilentUpgrader::download_package($package, $check_signatures = false) must be compatible with WP_Upgrader::download_package($package, $check_signatures = false, $hook_extra = []) di /var/www/html/surendo.co.id/wp-content/plugins/instagram-feed/inc/admin/PluginSilentUpgrader.php pada baris 279

2026-04-15T17:44:53+00:00 CRITICAL Uncaught TypeError: array_intersect(): Argument #2 must be of type array, string given in /var/www/html/surendo.co.id/wp-content/plugins/download-manager/libs/class.MediaAccessControl.php:80
Stack trace:
#0 /var/www/html/surendo.co.id/wp-content/plugins/download-manager/libs/class.MediaAccessControl.php(80): array_intersect()
#1 /var/www/html/surendo.co.id/wp-includes/class-wp-hook.php(308): WPDM\MediaAccessControl->protectMediaLibrary()
#2 /var/www/html/surendo.co.id/wp-includes/class-wp-hook.php(332): WP_Hook->apply_filters()
#3 /var/www/html/surendo.co.id/wp-includes/plugin.php(517): WP_Hook->do_action()
#4 /var/www/html/surendo.co.id/wp-settings.php(617): do_action()
#5 /var/www/html/surendo.co.id/wp-config.php(100): require_once('...')
#6 /var/www/html/surendo.co.id/wp-load.php(50): require_once('...')
#7 /var/www/html/surendo.co.id/wp-blog-header.php(13): require_once('...')
#8 /var/www/html/surendo.co.id/index.php(18): require('...')
#9 {main}
  thrown di /var/www/html/surendo.co.id/wp-content/plugins/download-manager/libs/class.MediaAccessControl.php pada baris 80

2026-04-15T18:03:22+00:00 CRITICAL Declaration of Sbi\Helpers\PluginSilentUpgrader::download_package($package, $check_signatures = false) must be compatible with WP_Upgrader::download_package($package, $check_signatures = false, $hook_extra = []) di /var/www/html/surendo.co.id/wp-content/plugins/instagram-feed/inc/admin/PluginSilentUpgrader.php pada baris 279

2026-04-15T19:05:43+00:00 CRITICAL Declaration of Sbi\Helpers\PluginSilentUpgrader::download_package($package, $check_signatures = false) must be compatible with WP_Upgrader::download_package($package, $check_signatures = false, $hook_extra = []) di /var/www/html/surendo.co.id/wp-content/plugins/instagram-feed/inc/admin/PluginSilentUpgrader.php pada baris 279

2026-04-15T19:13:55+00:00 CRITICAL Declaration of Sbi\Helpers\PluginSilentUpgrader::download_package($package, $check_signatures = false) must be compatible with WP_Upgrader::download_package($package, $check_signatures = false, $hook_extra = []) di /var/www/html/surendo.co.id/wp-content/plugins/instagram-feed/inc/admin/PluginSilentUpgrader.php pada baris 279

2026-04-15T19:13:57+00:00 CRITICAL Declaration of Sbi\Helpers\PluginSilentUpgrader::download_package($package, $check_signatures = false) must be compatible with WP_Upgrader::download_package($package, $check_signatures = false, $hook_extra = []) di /var/www/html/surendo.co.id/wp-content/plugins/instagram-feed/inc/admin/PluginSilentUpgrader.php pada baris 279

2026-04-15T19:13:59+00:00 CRITICAL Declaration of Sbi\Helpers\PluginSilentUpgrader::download_package($package, $check_signatures = false) must be compatible with WP_Upgrader::download_package($package, $check_signatures = false, $hook_extra = []) di /var/www/html/surendo.co.id/wp-content/plugins/instagram-feed/inc/admin/PluginSilentUpgrader.php pada baris 279

2026-04-15T19:13:59+00:00 CRITICAL Declaration of Sbi\Helpers\PluginSilentUpgrader::download_package($package, $check_signatures = false) must be compatible with WP_Upgrader::download_package($package, $check_signatures = false, $hook_extra = []) di /var/www/html/surendo.co.id/wp-content/plugins/instagram-feed/inc/admin/PluginSilentUpgrader.php pada baris 279

2026-04-15T19:14:00+00:00 CRITICAL Declaration of Sbi\Helpers\PluginSilentUpgrader::download_package($package, $check_signatures = false) must be compatible with WP_Upgrader::download_package($package, $check_signatures = false, $hook_extra = []) di /var/www/html/surendo.co.id/wp-content/plugins/instagram-feed/inc/admin/PluginSilentUpgrader.php pada baris 279

2026-04-15T19:14:01+00:00 CRITICAL Declaration of Sbi\Helpers\PluginSilentUpgrader::download_package($package, $check_signatures = false) must be compatible with WP_Upgrader::download_package($package, $check_signatures = false, $hook_extra = []) di /var/www/html/surendo.co.id/wp-content/plugins/instagram-feed/inc/admin/PluginSilentUpgrader.php pada baris 279

2026-04-15T19:14:01+00:00 CRITICAL Declaration of Sbi\Helpers\PluginSilentUpgrader::download_package($package, $check_signatures = false) must be compatible with WP_Upgrader::download_package($package, $check_signatures = false, $hook_extra = []) di /var/www/html/surendo.co.id/wp-content/plugins/instagram-feed/inc/admin/PluginSilentUpgrader.php pada baris 279

2026-04-15T19:14:02+00:00 CRITICAL Declaration of Sbi\Helpers\PluginSilentUpgrader::download_package($package, $check_signatures = false) must be compatible with WP_Upgrader::download_package($package, $check_signatures = false, $hook_extra = []) di /var/www/html/surendo.co.id/wp-content/plugins/instagram-feed/inc/admin/PluginSilentUpgrader.php pada baris 279

2026-04-15T19:14:02+00:00 CRITICAL Declaration of Sbi\Helpers\PluginSilentUpgrader::download_package($package, $check_signatures = false) must be compatible with WP_Upgrader::download_package($package, $check_signatures = false, $hook_extra = []) di /var/www/html/surendo.co.id/wp-content/plugins/instagram-feed/inc/admin/PluginSilentUpgrader.php pada baris 279

2026-04-15T19:14:03+00:00 CRITICAL Declaration of Sbi\Helpers\PluginSilentUpgrader::download_package($package, $check_signatures = false) must be compatible with WP_Upgrader::download_package($package, $check_signatures = false, $hook_extra = []) di /var/www/html/surendo.co.id/wp-content/plugins/instagram-feed/inc/admin/PluginSilentUpgrader.php pada baris 279

2026-04-15T19:14:04+00:00 CRITICAL Declaration of Sbi\Helpers\PluginSilentUpgrader::download_package($package, $check_signatures = false) must be compatible with WP_Upgrader::download_package($package, $check_signatures = false, $hook_extra = []) di /var/www/html/surendo.co.id/wp-content/plugins/instagram-feed/inc/admin/PluginSilentUpgrader.php pada baris 279

2026-04-15T19:14:04+00:00 CRITICAL Declaration of Sbi\Helpers\PluginSilentUpgrader::download_package($package, $check_signatures = false) must be compatible with WP_Upgrader::download_package($package, $check_signatures = false, $hook_extra = []) di /var/www/html/surendo.co.id/wp-content/plugins/instagram-feed/inc/admin/PluginSilentUpgrader.php pada baris 279

2026-04-15T19:14:06+00:00 CRITICAL Declaration of Sbi\Helpers\PluginSilentUpgrader::download_package($package, $check_signatures = false) must be compatible with WP_Upgrader::download_package($package, $check_signatures = false, $hook_extra = []) di /var/www/html/surendo.co.id/wp-content/plugins/instagram-feed/inc/admin/PluginSilentUpgrader.php pada baris 279

2026-04-15T19:14:07+00:00 CRITICAL Declaration of Sbi\Helpers\PluginSilentUpgrader::download_package($package, $check_signatures = false) must be compatible with WP_Upgrader::download_package($package, $check_signatures = false, $hook_extra = []) di /var/www/html/surendo.co.id/wp-content/plugins/instagram-feed/inc/admin/PluginSilentUpgrader.php pada baris 279

2026-04-15T19:14:07+00:00 CRITICAL Declaration of Sbi\Helpers\PluginSilentUpgrader::download_package($package, $check_signatures = false) must be compatible with WP_Upgrader::download_package($package, $check_signatures = false, $hook_extra = []) di /var/www/html/surendo.co.id/wp-content/plugins/instagram-feed/inc/admin/PluginSilentUpgrader.php pada baris 279

2026-04-15T19:14:08+00:00 CRITICAL Declaration of Sbi\Helpers\PluginSilentUpgrader::download_package($package, $check_signatures = false) must be compatible with WP_Upgrader::download_package($package, $check_signatures = false, $hook_extra = []) di /var/www/html/surendo.co.id/wp-content/plugins/instagram-feed/inc/admin/PluginSilentUpgrader.php pada baris 279

2026-04-15T19:14:08+00:00 CRITICAL Declaration of Sbi\Helpers\PluginSilentUpgrader::download_package($package, $check_signatures = false) must be compatible with WP_Upgrader::download_package($package, $check_signatures = false, $hook_extra = []) di /var/www/html/surendo.co.id/wp-content/plugins/instagram-feed/inc/admin/PluginSilentUpgrader.php pada baris 279

2026-04-15T19:14:09+00:00 CRITICAL Declaration of Sbi\Helpers\PluginSilentUpgrader::download_package($package, $check_signatures = false) must be compatible with WP_Upgrader::download_package($package, $check_signatures = false, $hook_extra = []) di /var/www/html/surendo.co.id/wp-content/plugins/instagram-feed/inc/admin/PluginSilentUpgrader.php pada baris 279

2026-04-15T19:14:10+00:00 CRITICAL Declaration of Sbi\Helpers\PluginSilentUpgrader::download_package($package, $check_signatures = false) must be compatible with WP_Upgrader::download_package($package, $check_signatures = false, $hook_extra = []) di /var/www/html/surendo.co.id/wp-content/plugins/instagram-feed/inc/admin/PluginSilentUpgrader.php pada baris 279

2026-04-15T19:14:10+00:00 CRITICAL Declaration of Sbi\Helpers\PluginSilentUpgrader::download_package($package, $check_signatures = false) must be compatible with WP_Upgrader::download_package($package, $check_signatures = false, $hook_extra = []) di /var/www/html/surendo.co.id/wp-content/plugins/instagram-feed/inc/admin/PluginSilentUpgrader.php pada baris 279

2026-04-15T19:14:11+00:00 CRITICAL Declaration of Sbi\Helpers\PluginSilentUpgrader::download_package($package, $check_signatures = false) must be compatible with WP_Upgrader::download_package($package, $check_signatures = false, $hook_extra = []) di /var/www/html/surendo.co.id/wp-content/plugins/instagram-feed/inc/admin/PluginSilentUpgrader.php pada baris 279

2026-04-15T19:14:11+00:00 CRITICAL Declaration of Sbi\Helpers\PluginSilentUpgrader::download_package($package, $check_signatures = false) must be compatible with WP_Upgrader::download_package($package, $check_signatures = false, $hook_extra = []) di /var/www/html/surendo.co.id/wp-content/plugins/instagram-feed/inc/admin/PluginSilentUpgrader.php pada baris 279

2026-04-15T19:14:12+00:00 CRITICAL Declaration of Sbi\Helpers\PluginSilentUpgrader::download_package($package, $check_signatures = false) must be compatible with WP_Upgrader::download_package($package, $check_signatures = false, $hook_extra = []) di /var/www/html/surendo.co.id/wp-content/plugins/instagram-feed/inc/admin/PluginSilentUpgrader.php pada baris 279

2026-04-15T19:14:13+00:00 CRITICAL Declaration of Sbi\Helpers\PluginSilentUpgrader::download_package($package, $check_signatures = false) must be compatible with WP_Upgrader::download_package($package, $check_signatures = false, $hook_extra = []) di /var/www/html/surendo.co.id/wp-content/plugins/instagram-feed/inc/admin/PluginSilentUpgrader.php pada baris 279

2026-04-15T19:14:13+00:00 CRITICAL Declaration of Sbi\Helpers\PluginSilentUpgrader::download_package($package, $check_signatures = false) must be compatible with WP_Upgrader::download_package($package, $check_signatures = false, $hook_extra = []) di /var/www/html/surendo.co.id/wp-content/plugins/instagram-feed/inc/admin/PluginSilentUpgrader.php pada baris 279

2026-04-15T19:14:14+00:00 CRITICAL Declaration of Sbi\Helpers\PluginSilentUpgrader::download_package($package, $check_signatures = false) must be compatible with WP_Upgrader::download_package($package, $check_signatures = false, $hook_extra = []) di /var/www/html/surendo.co.id/wp-content/plugins/instagram-feed/inc/admin/PluginSilentUpgrader.php pada baris 279

2026-04-15T19:14:15+00:00 CRITICAL Declaration of Sbi\Helpers\PluginSilentUpgrader::download_package($package, $check_signatures = false) must be compatible with WP_Upgrader::download_package($package, $check_signatures = false, $hook_extra = []) di /var/www/html/surendo.co.id/wp-content/plugins/instagram-feed/inc/admin/PluginSilentUpgrader.php pada baris 279

2026-04-15T19:14:15+00:00 CRITICAL Declaration of Sbi\Helpers\PluginSilentUpgrader::download_package($package, $check_signatures = false) must be compatible with WP_Upgrader::download_package($package, $check_signatures = false, $hook_extra = []) di /var/www/html/surendo.co.id/wp-content/plugins/instagram-feed/inc/admin/PluginSilentUpgrader.php pada baris 279

2026-04-15T19:14:16+00:00 CRITICAL Declaration of Sbi\Helpers\PluginSilentUpgrader::download_package($package, $check_signatures = false) must be compatible with WP_Upgrader::download_package($package, $check_signatures = false, $hook_extra = []) di /var/www/html/surendo.co.id/wp-content/plugins/instagram-feed/inc/admin/PluginSilentUpgrader.php pada baris 279

2026-04-15T19:14:16+00:00 CRITICAL Declaration of Sbi\Helpers\PluginSilentUpgrader::download_package($package, $check_signatures = false) must be compatible with WP_Upgrader::download_package($package, $check_signatures = false, $hook_extra = []) di /var/www/html/surendo.co.id/wp-content/plugins/instagram-feed/inc/admin/PluginSilentUpgrader.php pada baris 279

2026-04-15T19:14:17+00:00 CRITICAL Declaration of Sbi\Helpers\PluginSilentUpgrader::download_package($package, $check_signatures = false) must be compatible with WP_Upgrader::download_package($package, $check_signatures = false, $hook_extra = []) di /var/www/html/surendo.co.id/wp-content/plugins/instagram-feed/inc/admin/PluginSilentUpgrader.php pada baris 279

2026-04-15T19:14:18+00:00 CRITICAL Declaration of Sbi\Helpers\PluginSilentUpgrader::download_package($package, $check_signatures = false) must be compatible with WP_Upgrader::download_package($package, $check_signatures = false, $hook_extra = []) di /var/www/html/surendo.co.id/wp-content/plugins/instagram-feed/inc/admin/PluginSilentUpgrader.php pada baris 279

2026-04-15T19:14:18+00:00 CRITICAL Declaration of Sbi\Helpers\PluginSilentUpgrader::download_package($package, $check_signatures = false) must be compatible with WP_Upgrader::download_package($package, $check_signatures = false, $hook_extra = []) di /var/www/html/surendo.co.id/wp-content/plugins/instagram-feed/inc/admin/PluginSilentUpgrader.php pada baris 279

2026-04-15T19:14:19+00:00 CRITICAL Declaration of Sbi\Helpers\PluginSilentUpgrader::download_package($package, $check_signatures = false) must be compatible with WP_Upgrader::download_package($package, $check_signatures = false, $hook_extra = []) di /var/www/html/surendo.co.id/wp-content/plugins/instagram-feed/inc/admin/PluginSilentUpgrader.php pada baris 279

2026-04-15T19:14:20+00:00 CRITICAL Declaration of Sbi\Helpers\PluginSilentUpgrader::download_package($package, $check_signatures = false) must be compatible with WP_Upgrader::download_package($package, $check_signatures = false, $hook_extra = []) di /var/www/html/surendo.co.id/wp-content/plugins/instagram-feed/inc/admin/PluginSilentUpgrader.php pada baris 279

2026-04-15T19:14:20+00:00 CRITICAL Declaration of Sbi\Helpers\PluginSilentUpgrader::download_package($package, $check_signatures = false) must be compatible with WP_Upgrader::download_package($package, $check_signatures = false, $hook_extra = []) di /var/www/html/surendo.co.id/wp-content/plugins/instagram-feed/inc/admin/PluginSilentUpgrader.php pada baris 279

2026-04-15T19:14:21+00:00 CRITICAL Declaration of Sbi\Helpers\PluginSilentUpgrader::download_package($package, $check_signatures = false) must be compatible with WP_Upgrader::download_package($package, $check_signatures = false, $hook_extra = []) di /var/www/html/surendo.co.id/wp-content/plugins/instagram-feed/inc/admin/PluginSilentUpgrader.php pada baris 279

2026-04-15T19:14:21+00:00 CRITICAL Declaration of Sbi\Helpers\PluginSilentUpgrader::download_package($package, $check_signatures = false) must be compatible with WP_Upgrader::download_package($package, $check_signatures = false, $hook_extra = []) di /var/www/html/surendo.co.id/wp-content/plugins/instagram-feed/inc/admin/PluginSilentUpgrader.php pada baris 279

2026-04-15T19:14:22+00:00 CRITICAL Declaration of Sbi\Helpers\PluginSilentUpgrader::download_package($package, $check_signatures = false) must be compatible with WP_Upgrader::download_package($package, $check_signatures = false, $hook_extra = []) di /var/www/html/surendo.co.id/wp-content/plugins/instagram-feed/inc/admin/PluginSilentUpgrader.php pada baris 279

2026-04-15T19:14:22+00:00 CRITICAL Declaration of Sbi\Helpers\PluginSilentUpgrader::download_package($package, $check_signatures = false) must be compatible with WP_Upgrader::download_package($package, $check_signatures = false, $hook_extra = []) di /var/www/html/surendo.co.id/wp-content/plugins/instagram-feed/inc/admin/PluginSilentUpgrader.php pada baris 279

2026-04-15T19:14:23+00:00 CRITICAL Declaration of Sbi\Helpers\PluginSilentUpgrader::download_package($package, $check_signatures = false) must be compatible with WP_Upgrader::download_package($package, $check_signatures = false, $hook_extra = []) di /var/www/html/surendo.co.id/wp-content/plugins/instagram-feed/inc/admin/PluginSilentUpgrader.php pada baris 279

2026-04-15T19:14:24+00:00 CRITICAL Declaration of Sbi\Helpers\PluginSilentUpgrader::download_package($package, $check_signatures = false) must be compatible with WP_Upgrader::download_package($package, $check_signatures = false, $hook_extra = []) di /var/www/html/surendo.co.id/wp-content/plugins/instagram-feed/inc/admin/PluginSilentUpgrader.php pada baris 279

2026-04-15T19:14:24+00:00 CRITICAL Declaration of Sbi\Helpers\PluginSilentUpgrader::download_package($package, $check_signatures = false) must be compatible with WP_Upgrader::download_package($package, $check_signatures = false, $hook_extra = []) di /var/www/html/surendo.co.id/wp-content/plugins/instagram-feed/inc/admin/PluginSilentUpgrader.php pada baris 279

2026-04-15T19:14:25+00:00 CRITICAL Declaration of Sbi\Helpers\PluginSilentUpgrader::download_package($package, $check_signatures = false) must be compatible with WP_Upgrader::download_package($package, $check_signatures = false, $hook_extra = []) di /var/www/html/surendo.co.id/wp-content/plugins/instagram-feed/inc/admin/PluginSilentUpgrader.php pada baris 279

2026-04-15T19:14:25+00:00 CRITICAL Declaration of Sbi\Helpers\PluginSilentUpgrader::download_package($package, $check_signatures = false) must be compatible with WP_Upgrader::download_package($package, $check_signatures = false, $hook_extra = []) di /var/www/html/surendo.co.id/wp-content/plugins/instagram-feed/inc/admin/PluginSilentUpgrader.php pada baris 279

2026-04-15T19:14:26+00:00 CRITICAL Declaration of Sbi\Helpers\PluginSilentUpgrader::download_package($package, $check_signatures = false) must be compatible with WP_Upgrader::download_package($package, $check_signatures = false, $hook_extra = []) di /var/www/html/surendo.co.id/wp-content/plugins/instagram-feed/inc/admin/PluginSilentUpgrader.php pada baris 279

2026-04-15T19:14:27+00:00 CRITICAL Declaration of Sbi\Helpers\PluginSilentUpgrader::download_package($package, $check_signatures = false) must be compatible with WP_Upgrader::download_package($package, $check_signatures = false, $hook_extra = []) di /var/www/html/surendo.co.id/wp-content/plugins/instagram-feed/inc/admin/PluginSilentUpgrader.php pada baris 279

2026-04-15T19:14:28+00:00 CRITICAL Declaration of Sbi\Helpers\PluginSilentUpgrader::download_package($package, $check_signatures = false) must be compatible with WP_Upgrader::download_package($package, $check_signatures = false, $hook_extra = []) di /var/www/html/surendo.co.id/wp-content/plugins/instagram-feed/inc/admin/PluginSilentUpgrader.php pada baris 279

2026-04-15T19:14:28+00:00 CRITICAL Declaration of Sbi\Helpers\PluginSilentUpgrader::download_package($package, $check_signatures = false) must be compatible with WP_Upgrader::download_package($package, $check_signatures = false, $hook_extra = []) di /var/www/html/surendo.co.id/wp-content/plugins/instagram-feed/inc/admin/PluginSilentUpgrader.php pada baris 279

2026-04-15T19:14:29+00:00 CRITICAL Declaration of Sbi\Helpers\PluginSilentUpgrader::download_package($package, $check_signatures = false) must be compatible with WP_Upgrader::download_package($package, $check_signatures = false, $hook_extra = []) di /var/www/html/surendo.co.id/wp-content/plugins/instagram-feed/inc/admin/PluginSilentUpgrader.php pada baris 279

2026-04-15T19:14:30+00:00 CRITICAL Declaration of Sbi\Helpers\PluginSilentUpgrader::download_package($package, $check_signatures = false) must be compatible with WP_Upgrader::download_package($package, $check_signatures = false, $hook_extra = []) di /var/www/html/surendo.co.id/wp-content/plugins/instagram-feed/inc/admin/PluginSilentUpgrader.php pada baris 279

2026-04-15T19:14:30+00:00 CRITICAL Declaration of Sbi\Helpers\PluginSilentUpgrader::download_package($package, $check_signatures = false) must be compatible with WP_Upgrader::download_package($package, $check_signatures = false, $hook_extra = []) di /var/www/html/surendo.co.id/wp-content/plugins/instagram-feed/inc/admin/PluginSilentUpgrader.php pada baris 279

2026-04-15T19:14:31+00:00 CRITICAL Declaration of Sbi\Helpers\PluginSilentUpgrader::download_package($package, $check_signatures = false) must be compatible with WP_Upgrader::download_package($package, $check_signatures = false, $hook_extra = []) di /var/www/html/surendo.co.id/wp-content/plugins/instagram-feed/inc/admin/PluginSilentUpgrader.php pada baris 279

2026-04-15T19:14:32+00:00 CRITICAL Declaration of Sbi\Helpers\PluginSilentUpgrader::download_package($package, $check_signatures = false) must be compatible with WP_Upgrader::download_package($package, $check_signatures = false, $hook_extra = []) di /var/www/html/surendo.co.id/wp-content/plugins/instagram-feed/inc/admin/PluginSilentUpgrader.php pada baris 279

2026-04-15T19:14:32+00:00 CRITICAL Declaration of Sbi\Helpers\PluginSilentUpgrader::download_package($package, $check_signatures = false) must be compatible with WP_Upgrader::download_package($package, $check_signatures = false, $hook_extra = []) di /var/www/html/surendo.co.id/wp-content/plugins/instagram-feed/inc/admin/PluginSilentUpgrader.php pada baris 279

2026-04-15T19:14:33+00:00 CRITICAL Declaration of Sbi\Helpers\PluginSilentUpgrader::download_package($package, $check_signatures = false) must be compatible with WP_Upgrader::download_package($package, $check_signatures = false, $hook_extra = []) di /var/www/html/surendo.co.id/wp-content/plugins/instagram-feed/inc/admin/PluginSilentUpgrader.php pada baris 279

2026-04-15T19:14:34+00:00 CRITICAL Declaration of Sbi\Helpers\PluginSilentUpgrader::download_package($package, $check_signatures = false) must be compatible with WP_Upgrader::download_package($package, $check_signatures = false, $hook_extra = []) di /var/www/html/surendo.co.id/wp-content/plugins/instagram-feed/inc/admin/PluginSilentUpgrader.php pada baris 279

2026-04-15T19:14:34+00:00 CRITICAL Declaration of Sbi\Helpers\PluginSilentUpgrader::download_package($package, $check_signatures = false) must be compatible with WP_Upgrader::download_package($package, $check_signatures = false, $hook_extra = []) di /var/www/html/surendo.co.id/wp-content/plugins/instagram-feed/inc/admin/PluginSilentUpgrader.php pada baris 279

2026-04-15T19:14:35+00:00 CRITICAL Declaration of Sbi\Helpers\PluginSilentUpgrader::download_package($package, $check_signatures = false) must be compatible with WP_Upgrader::download_package($package, $check_signatures = false, $hook_extra = []) di /var/www/html/surendo.co.id/wp-content/plugins/instagram-feed/inc/admin/PluginSilentUpgrader.php pada baris 279

2026-04-15T19:14:35+00:00 CRITICAL Declaration of Sbi\Helpers\PluginSilentUpgrader::download_package($package, $check_signatures = false) must be compatible with WP_Upgrader::download_package($package, $check_signatures = false, $hook_extra = []) di /var/www/html/surendo.co.id/wp-content/plugins/instagram-feed/inc/admin/PluginSilentUpgrader.php pada baris 279

2026-04-15T19:14:36+00:00 CRITICAL Declaration of Sbi\Helpers\PluginSilentUpgrader::download_package($package, $check_signatures = false) must be compatible with WP_Upgrader::download_package($package, $check_signatures = false, $hook_extra = []) di /var/www/html/surendo.co.id/wp-content/plugins/instagram-feed/inc/admin/PluginSilentUpgrader.php pada baris 279

2026-04-15T19:14:36+00:00 CRITICAL Declaration of Sbi\Helpers\PluginSilentUpgrader::download_package($package, $check_signatures = false) must be compatible with WP_Upgrader::download_package($package, $check_signatures = false, $hook_extra = []) di /var/www/html/surendo.co.id/wp-content/plugins/instagram-feed/inc/admin/PluginSilentUpgrader.php pada baris 279

2026-04-15T19:14:37+00:00 CRITICAL Declaration of Sbi\Helpers\PluginSilentUpgrader::download_package($package, $check_signatures = false) must be compatible with WP_Upgrader::download_package($package, $check_signatures = false, $hook_extra = []) di /var/www/html/surendo.co.id/wp-content/plugins/instagram-feed/inc/admin/PluginSilentUpgrader.php pada baris 279

2026-04-15T19:14:38+00:00 CRITICAL Declaration of Sbi\Helpers\PluginSilentUpgrader::download_package($package, $check_signatures = false) must be compatible with WP_Upgrader::download_package($package, $check_signatures = false, $hook_extra = []) di /var/www/html/surendo.co.id/wp-content/plugins/instagram-feed/inc/admin/PluginSilentUpgrader.php pada baris 279

2026-04-15T19:14:38+00:00 CRITICAL Declaration of Sbi\Helpers\PluginSilentUpgrader::download_package($package, $check_signatures = false) must be compatible with WP_Upgrader::download_package($package, $check_signatures = false, $hook_extra = []) di /var/www/html/surendo.co.id/wp-content/plugins/instagram-feed/inc/admin/PluginSilentUpgrader.php pada baris 279

2026-04-15T19:14:39+00:00 CRITICAL Declaration of Sbi\Helpers\PluginSilentUpgrader::download_package($package, $check_signatures = false) must be compatible with WP_Upgrader::download_package($package, $check_signatures = false, $hook_extra = []) di /var/www/html/surendo.co.id/wp-content/plugins/instagram-feed/inc/admin/PluginSilentUpgrader.php pada baris 279

2026-04-15T19:14:39+00:00 CRITICAL Declaration of Sbi\Helpers\PluginSilentUpgrader::download_package($package, $check_signatures = false) must be compatible with WP_Upgrader::download_package($package, $check_signatures = false, $hook_extra = []) di /var/www/html/surendo.co.id/wp-content/plugins/instagram-feed/inc/admin/PluginSilentUpgrader.php pada baris 279

2026-04-15T19:14:40+00:00 CRITICAL Declaration of Sbi\Helpers\PluginSilentUpgrader::download_package($package, $check_signatures = false) must be compatible with WP_Upgrader::download_package($package, $check_signatures = false, $hook_extra = []) di /var/www/html/surendo.co.id/wp-content/plugins/instagram-feed/inc/admin/PluginSilentUpgrader.php pada baris 279

2026-04-15T19:14:41+00:00 CRITICAL Declaration of Sbi\Helpers\PluginSilentUpgrader::download_package($package, $check_signatures = false) must be compatible with WP_Upgrader::download_package($package, $check_signatures = false, $hook_extra = []) di /var/www/html/surendo.co.id/wp-content/plugins/instagram-feed/inc/admin/PluginSilentUpgrader.php pada baris 279

2026-04-15T19:14:41+00:00 CRITICAL Declaration of Sbi\Helpers\PluginSilentUpgrader::download_package($package, $check_signatures = false) must be compatible with WP_Upgrader::download_package($package, $check_signatures = false, $hook_extra = []) di /var/www/html/surendo.co.id/wp-content/plugins/instagram-feed/inc/admin/PluginSilentUpgrader.php pada baris 279

2026-04-15T19:14:42+00:00 CRITICAL Declaration of Sbi\Helpers\PluginSilentUpgrader::download_package($package, $check_signatures = false) must be compatible with WP_Upgrader::download_package($package, $check_signatures = false, $hook_extra = []) di /var/www/html/surendo.co.id/wp-content/plugins/instagram-feed/inc/admin/PluginSilentUpgrader.php pada baris 279

2026-04-15T19:14:42+00:00 CRITICAL Declaration of Sbi\Helpers\PluginSilentUpgrader::download_package($package, $check_signatures = false) must be compatible with WP_Upgrader::download_package($package, $check_signatures = false, $hook_extra = []) di /var/www/html/surendo.co.id/wp-content/plugins/instagram-feed/inc/admin/PluginSilentUpgrader.php pada baris 279

2026-04-15T19:14:43+00:00 CRITICAL Declaration of Sbi\Helpers\PluginSilentUpgrader::download_package($package, $check_signatures = false) must be compatible with WP_Upgrader::download_package($package, $check_signatures = false, $hook_extra = []) di /var/www/html/surendo.co.id/wp-content/plugins/instagram-feed/inc/admin/PluginSilentUpgrader.php pada baris 279

2026-04-15T19:14:44+00:00 CRITICAL Declaration of Sbi\Helpers\PluginSilentUpgrader::download_package($package, $check_signatures = false) must be compatible with WP_Upgrader::download_package($package, $check_signatures = false, $hook_extra = []) di /var/www/html/surendo.co.id/wp-content/plugins/instagram-feed/inc/admin/PluginSilentUpgrader.php pada baris 279

2026-04-15T19:14:44+00:00 CRITICAL Declaration of Sbi\Helpers\PluginSilentUpgrader::download_package($package, $check_signatures = false) must be compatible with WP_Upgrader::download_package($package, $check_signatures = false, $hook_extra = []) di /var/www/html/surendo.co.id/wp-content/plugins/instagram-feed/inc/admin/PluginSilentUpgrader.php pada baris 279

2026-04-15T19:14:45+00:00 CRITICAL Declaration of Sbi\Helpers\PluginSilentUpgrader::download_package($package, $check_signatures = false) must be compatible with WP_Upgrader::download_package($package, $check_signatures = false, $hook_extra = []) di /var/www/html/surendo.co.id/wp-content/plugins/instagram-feed/inc/admin/PluginSilentUpgrader.php pada baris 279

2026-04-15T19:14:45+00:00 CRITICAL Declaration of Sbi\Helpers\PluginSilentUpgrader::download_package($package, $check_signatures = false) must be compatible with WP_Upgrader::download_package($package, $check_signatures = false, $hook_extra = []) di /var/www/html/surendo.co.id/wp-content/plugins/instagram-feed/inc/admin/PluginSilentUpgrader.php pada baris 279

2026-04-15T19:14:46+00:00 CRITICAL Declaration of Sbi\Helpers\PluginSilentUpgrader::download_package($package, $check_signatures = false) must be compatible with WP_Upgrader::download_package($package, $check_signatures = false, $hook_extra = []) di /var/www/html/surendo.co.id/wp-content/plugins/instagram-feed/inc/admin/PluginSilentUpgrader.php pada baris 279

2026-04-15T19:14:47+00:00 CRITICAL Declaration of Sbi\Helpers\PluginSilentUpgrader::download_package($package, $check_signatures = false) must be compatible with WP_Upgrader::download_package($package, $check_signatures = false, $hook_extra = []) di /var/www/html/surendo.co.id/wp-content/plugins/instagram-feed/inc/admin/PluginSilentUpgrader.php pada baris 279

2026-04-15T19:14:47+00:00 CRITICAL Declaration of Sbi\Helpers\PluginSilentUpgrader::download_package($package, $check_signatures = false) must be compatible with WP_Upgrader::download_package($package, $check_signatures = false, $hook_extra = []) di /var/www/html/surendo.co.id/wp-content/plugins/instagram-feed/inc/admin/PluginSilentUpgrader.php pada baris 279

2026-04-15T19:14:48+00:00 CRITICAL Declaration of Sbi\Helpers\PluginSilentUpgrader::download_package($package, $check_signatures = false) must be compatible with WP_Upgrader::download_package($package, $check_signatures = false, $hook_extra = []) di /var/www/html/surendo.co.id/wp-content/plugins/instagram-feed/inc/admin/PluginSilentUpgrader.php pada baris 279

2026-04-15T19:14:48+00:00 CRITICAL Declaration of Sbi\Helpers\PluginSilentUpgrader::download_package($package, $check_signatures = false) must be compatible with WP_Upgrader::download_package($package, $check_signatures = false, $hook_extra = []) di /var/www/html/surendo.co.id/wp-content/plugins/instagram-feed/inc/admin/PluginSilentUpgrader.php pada baris 279

2026-04-15T19:14:49+00:00 CRITICAL Declaration of Sbi\Helpers\PluginSilentUpgrader::download_package($package, $check_signatures = false) must be compatible with WP_Upgrader::download_package($package, $check_signatures = false, $hook_extra = []) di /var/www/html/surendo.co.id/wp-content/plugins/instagram-feed/inc/admin/PluginSilentUpgrader.php pada baris 279

2026-04-15T19:14:49+00:00 CRITICAL Declaration of Sbi\Helpers\PluginSilentUpgrader::download_package($package, $check_signatures = false) must be compatible with WP_Upgrader::download_package($package, $check_signatures = false, $hook_extra = []) di /var/www/html/surendo.co.id/wp-content/plugins/instagram-feed/inc/admin/PluginSilentUpgrader.php pada baris 279

2026-04-15T19:14:50+00:00 CRITICAL Declaration of Sbi\Helpers\PluginSilentUpgrader::download_package($package, $check_signatures = false) must be compatible with WP_Upgrader::download_package($package, $check_signatures = false, $hook_extra = []) di /var/www/html/surendo.co.id/wp-content/plugins/instagram-feed/inc/admin/PluginSilentUpgrader.php pada baris 279

2026-04-15T19:14:51+00:00 CRITICAL Declaration of Sbi\Helpers\PluginSilentUpgrader::download_package($package, $check_signatures = false) must be compatible with WP_Upgrader::download_package($package, $check_signatures = false, $hook_extra = []) di /var/www/html/surendo.co.id/wp-content/plugins/instagram-feed/inc/admin/PluginSilentUpgrader.php pada baris 279

2026-04-15T19:14:51+00:00 CRITICAL Declaration of Sbi\Helpers\PluginSilentUpgrader::download_package($package, $check_signatures = false) must be compatible with WP_Upgrader::download_package($package, $check_signatures = false, $hook_extra = []) di /var/www/html/surendo.co.id/wp-content/plugins/instagram-feed/inc/admin/PluginSilentUpgrader.php pada baris 279

2026-04-15T19:14:52+00:00 CRITICAL Declaration of Sbi\Helpers\PluginSilentUpgrader::download_package($package, $check_signatures = false) must be compatible with WP_Upgrader::download_package($package, $check_signatures = false, $hook_extra = []) di /var/www/html/surendo.co.id/wp-content/plugins/instagram-feed/inc/admin/PluginSilentUpgrader.php pada baris 279

2026-04-15T19:14:52+00:00 CRITICAL Declaration of Sbi\Helpers\PluginSilentUpgrader::download_package($package, $check_signatures = false) must be compatible with WP_Upgrader::download_package($package, $check_signatures = false, $hook_extra = []) di /var/www/html/surendo.co.id/wp-content/plugins/instagram-feed/inc/admin/PluginSilentUpgrader.php pada baris 279

2026-04-15T19:14:53+00:00 CRITICAL Declaration of Sbi\Helpers\PluginSilentUpgrader::download_package($package, $check_signatures = false) must be compatible with WP_Upgrader::download_package($package, $check_signatures = false, $hook_extra = []) di /var/www/html/surendo.co.id/wp-content/plugins/instagram-feed/inc/admin/PluginSilentUpgrader.php pada baris 279

2026-04-15T19:14:53+00:00 CRITICAL Declaration of Sbi\Helpers\PluginSilentUpgrader::download_package($package, $check_signatures = false) must be compatible with WP_Upgrader::download_package($package, $check_signatures = false, $hook_extra = []) di /var/www/html/surendo.co.id/wp-content/plugins/instagram-feed/inc/admin/PluginSilentUpgrader.php pada baris 279

2026-04-15T19:14:55+00:00 CRITICAL Declaration of Sbi\Helpers\PluginSilentUpgrader::download_package($package, $check_signatures = false) must be compatible with WP_Upgrader::download_package($package, $check_signatures = false, $hook_extra = []) di /var/www/html/surendo.co.id/wp-content/plugins/instagram-feed/inc/admin/PluginSilentUpgrader.php pada baris 279

2026-04-15T19:14:56+00:00 CRITICAL Declaration of Sbi\Helpers\PluginSilentUpgrader::download_package($package, $check_signatures = false) must be compatible with WP_Upgrader::download_package($package, $check_signatures = false, $hook_extra = []) di /var/www/html/surendo.co.id/wp-content/plugins/instagram-feed/inc/admin/PluginSilentUpgrader.php pada baris 279

2026-04-15T19:14:56+00:00 CRITICAL Declaration of Sbi\Helpers\PluginSilentUpgrader::download_package($package, $check_signatures = false) must be compatible with WP_Upgrader::download_package($package, $check_signatures = false, $hook_extra = []) di /var/www/html/surendo.co.id/wp-content/plugins/instagram-feed/inc/admin/PluginSilentUpgrader.php pada baris 279

2026-04-15T19:14:57+00:00 CRITICAL Declaration of Sbi\Helpers\PluginSilentUpgrader::download_package($package, $check_signatures = false) must be compatible with WP_Upgrader::download_package($package, $check_signatures = false, $hook_extra = []) di /var/www/html/surendo.co.id/wp-content/plugins/instagram-feed/inc/admin/PluginSilentUpgrader.php pada baris 279

2026-04-15T19:14:58+00:00 CRITICAL Declaration of Sbi\Helpers\PluginSilentUpgrader::download_package($package, $check_signatures = false) must be compatible with WP_Upgrader::download_package($package, $check_signatures = false, $hook_extra = []) di /var/www/html/surendo.co.id/wp-content/plugins/instagram-feed/inc/admin/PluginSilentUpgrader.php pada baris 279

2026-04-15T19:14:58+00:00 CRITICAL Declaration of Sbi\Helpers\PluginSilentUpgrader::download_package($package, $check_signatures = false) must be compatible with WP_Upgrader::download_package($package, $check_signatures = false, $hook_extra = []) di /var/www/html/surendo.co.id/wp-content/plugins/instagram-feed/inc/admin/PluginSilentUpgrader.php pada baris 279

2026-04-15T19:14:59+00:00 CRITICAL Declaration of Sbi\Helpers\PluginSilentUpgrader::download_package($package, $check_signatures = false) must be compatible with WP_Upgrader::download_package($package, $check_signatures = false, $hook_extra = []) di /var/www/html/surendo.co.id/wp-content/plugins/instagram-feed/inc/admin/PluginSilentUpgrader.php pada baris 279

2026-04-15T19:14:59+00:00 CRITICAL Declaration of Sbi\Helpers\PluginSilentUpgrader::download_package($package, $check_signatures = false) must be compatible with WP_Upgrader::download_package($package, $check_signatures = false, $hook_extra = []) di /var/www/html/surendo.co.id/wp-content/plugins/instagram-feed/inc/admin/PluginSilentUpgrader.php pada baris 279

2026-04-15T19:15:00+00:00 CRITICAL Declaration of Sbi\Helpers\PluginSilentUpgrader::download_package($package, $check_signatures = false) must be compatible with WP_Upgrader::download_package($package, $check_signatures = false, $hook_extra = []) di /var/www/html/surendo.co.id/wp-content/plugins/instagram-feed/inc/admin/PluginSilentUpgrader.php pada baris 279

2026-04-15T19:15:01+00:00 CRITICAL Declaration of Sbi\Helpers\PluginSilentUpgrader::download_package($package, $check_signatures = false) must be compatible with WP_Upgrader::download_package($package, $check_signatures = false, $hook_extra = []) di /var/www/html/surendo.co.id/wp-content/plugins/instagram-feed/inc/admin/PluginSilentUpgrader.php pada baris 279

2026-04-15T19:15:02+00:00 CRITICAL Declaration of Sbi\Helpers\PluginSilentUpgrader::download_package($package, $check_signatures = false) must be compatible with WP_Upgrader::download_package($package, $check_signatures = false, $hook_extra = []) di /var/www/html/surendo.co.id/wp-content/plugins/instagram-feed/inc/admin/PluginSilentUpgrader.php pada baris 279

2026-04-15T19:15:02+00:00 CRITICAL Declaration of Sbi\Helpers\PluginSilentUpgrader::download_package($package, $check_signatures = false) must be compatible with WP_Upgrader::download_package($package, $check_signatures = false, $hook_extra = []) di /var/www/html/surendo.co.id/wp-content/plugins/instagram-feed/inc/admin/PluginSilentUpgrader.php pada baris 279

2026-04-15T19:15:03+00:00 CRITICAL Declaration of Sbi\Helpers\PluginSilentUpgrader::download_package($package, $check_signatures = false) must be compatible with WP_Upgrader::download_package($package, $check_signatures = false, $hook_extra = []) di /var/www/html/surendo.co.id/wp-content/plugins/instagram-feed/inc/admin/PluginSilentUpgrader.php pada baris 279

2026-04-15T19:15:04+00:00 CRITICAL Declaration of Sbi\Helpers\PluginSilentUpgrader::download_package($package, $check_signatures = false) must be compatible with WP_Upgrader::download_package($package, $check_signatures = false, $hook_extra = []) di /var/www/html/surendo.co.id/wp-content/plugins/instagram-feed/inc/admin/PluginSilentUpgrader.php pada baris 279

2026-04-15T19:15:04+00:00 CRITICAL Declaration of Sbi\Helpers\PluginSilentUpgrader::download_package($package, $check_signatures = false) must be compatible with WP_Upgrader::download_package($package, $check_signatures = false, $hook_extra = []) di /var/www/html/surendo.co.id/wp-content/plugins/instagram-feed/inc/admin/PluginSilentUpgrader.php pada baris 279

2026-04-15T19:15:05+00:00 CRITICAL Declaration of Sbi\Helpers\PluginSilentUpgrader::download_package($package, $check_signatures = false) must be compatible with WP_Upgrader::download_package($package, $check_signatures = false, $hook_extra = []) di /var/www/html/surendo.co.id/wp-content/plugins/instagram-feed/inc/admin/PluginSilentUpgrader.php pada baris 279

2026-04-15T19:15:06+00:00 CRITICAL Declaration of Sbi\Helpers\PluginSilentUpgrader::download_package($package, $check_signatures = false) must be compatible with WP_Upgrader::download_package($package, $check_signatures = false, $hook_extra = []) di /var/www/html/surendo.co.id/wp-content/plugins/instagram-feed/inc/admin/PluginSilentUpgrader.php pada baris 279

2026-04-15T19:15:06+00:00 CRITICAL Declaration of Sbi\Helpers\PluginSilentUpgrader::download_package($package, $check_signatures = false) must be compatible with WP_Upgrader::download_package($package, $check_signatures = false, $hook_extra = []) di /var/www/html/surendo.co.id/wp-content/plugins/instagram-feed/inc/admin/PluginSilentUpgrader.php pada baris 279

2026-04-15T19:15:08+00:00 CRITICAL Declaration of Sbi\Helpers\PluginSilentUpgrader::download_package($package, $check_signatures = false) must be compatible with WP_Upgrader::download_package($package, $check_signatures = false, $hook_extra = []) di /var/www/html/surendo.co.id/wp-content/plugins/instagram-feed/inc/admin/PluginSilentUpgrader.php pada baris 279

2026-04-15T19:15:09+00:00 CRITICAL Declaration of Sbi\Helpers\PluginSilentUpgrader::download_package($package, $check_signatures = false) must be compatible with WP_Upgrader::download_package($package, $check_signatures = false, $hook_extra = []) di /var/www/html/surendo.co.id/wp-content/plugins/instagram-feed/inc/admin/PluginSilentUpgrader.php pada baris 279

2026-04-15T19:15:09+00:00 CRITICAL Declaration of Sbi\Helpers\PluginSilentUpgrader::download_package($package, $check_signatures = false) must be compatible with WP_Upgrader::download_package($package, $check_signatures = false, $hook_extra = []) di /var/www/html/surendo.co.id/wp-content/plugins/instagram-feed/inc/admin/PluginSilentUpgrader.php pada baris 279

2026-04-15T19:15:10+00:00 CRITICAL Declaration of Sbi\Helpers\PluginSilentUpgrader::download_package($package, $check_signatures = false) must be compatible with WP_Upgrader::download_package($package, $check_signatures = false, $hook_extra = []) di /var/www/html/surendo.co.id/wp-content/plugins/instagram-feed/inc/admin/PluginSilentUpgrader.php pada baris 279

2026-04-15T19:15:11+00:00 CRITICAL Declaration of Sbi\Helpers\PluginSilentUpgrader::download_package($package, $check_signatures = false) must be compatible with WP_Upgrader::download_package($package, $check_signatures = false, $hook_extra = []) di /var/www/html/surendo.co.id/wp-content/plugins/instagram-feed/inc/admin/PluginSilentUpgrader.php pada baris 279

2026-04-15T19:15:11+00:00 CRITICAL Declaration of Sbi\Helpers\PluginSilentUpgrader::download_package($package, $check_signatures = false) must be compatible with WP_Upgrader::download_package($package, $check_signatures = false, $hook_extra = []) di /var/www/html/surendo.co.id/wp-content/plugins/instagram-feed/inc/admin/PluginSilentUpgrader.php pada baris 279

2026-04-15T19:15:12+00:00 CRITICAL Declaration of Sbi\Helpers\PluginSilentUpgrader::download_package($package, $check_signatures = false) must be compatible with WP_Upgrader::download_package($package, $check_signatures = false, $hook_extra = []) di /var/www/html/surendo.co.id/wp-content/plugins/instagram-feed/inc/admin/PluginSilentUpgrader.php pada baris 279

2026-04-15T19:15:12+00:00 CRITICAL Declaration of Sbi\Helpers\PluginSilentUpgrader::download_package($package, $check_signatures = false) must be compatible with WP_Upgrader::download_package($package, $check_signatures = false, $hook_extra = []) di /var/www/html/surendo.co.id/wp-content/plugins/instagram-feed/inc/admin/PluginSilentUpgrader.php pada baris 279

2026-04-15T19:15:13+00:00 CRITICAL Declaration of Sbi\Helpers\PluginSilentUpgrader::download_package($package, $check_signatures = false) must be compatible with WP_Upgrader::download_package($package, $check_signatures = false, $hook_extra = []) di /var/www/html/surendo.co.id/wp-content/plugins/instagram-feed/inc/admin/PluginSilentUpgrader.php pada baris 279

2026-04-15T19:15:14+00:00 CRITICAL Declaration of Sbi\Helpers\PluginSilentUpgrader::download_package($package, $check_signatures = false) must be compatible with WP_Upgrader::download_package($package, $check_signatures = false, $hook_extra = []) di /var/www/html/surendo.co.id/wp-content/plugins/instagram-feed/inc/admin/PluginSilentUpgrader.php pada baris 279

2026-04-15T19:15:14+00:00 CRITICAL Declaration of Sbi\Helpers\PluginSilentUpgrader::download_package($package, $check_signatures = false) must be compatible with WP_Upgrader::download_package($package, $check_signatures = false, $hook_extra = []) di /var/www/html/surendo.co.id/wp-content/plugins/instagram-feed/inc/admin/PluginSilentUpgrader.php pada baris 279

2026-04-15T19:15:15+00:00 CRITICAL Declaration of Sbi\Helpers\PluginSilentUpgrader::download_package($package, $check_signatures = false) must be compatible with WP_Upgrader::download_package($package, $check_signatures = false, $hook_extra = []) di /var/www/html/surendo.co.id/wp-content/plugins/instagram-feed/inc/admin/PluginSilentUpgrader.php pada baris 279

2026-04-15T19:15:15+00:00 CRITICAL Declaration of Sbi\Helpers\PluginSilentUpgrader::download_package($package, $check_signatures = false) must be compatible with WP_Upgrader::download_package($package, $check_signatures = false, $hook_extra = []) di /var/www/html/surendo.co.id/wp-content/plugins/instagram-feed/inc/admin/PluginSilentUpgrader.php pada baris 279

2026-04-15T19:15:16+00:00 CRITICAL Declaration of Sbi\Helpers\PluginSilentUpgrader::download_package($package, $check_signatures = false) must be compatible with WP_Upgrader::download_package($package, $check_signatures = false, $hook_extra = []) di /var/www/html/surendo.co.id/wp-content/plugins/instagram-feed/inc/admin/PluginSilentUpgrader.php pada baris 279

2026-04-15T19:15:17+00:00 CRITICAL Declaration of Sbi\Helpers\PluginSilentUpgrader::download_package($package, $check_signatures = false) must be compatible with WP_Upgrader::download_package($package, $check_signatures = false, $hook_extra = []) di /var/www/html/surendo.co.id/wp-content/plugins/instagram-feed/inc/admin/PluginSilentUpgrader.php pada baris 279

2026-04-15T19:15:17+00:00 CRITICAL Declaration of Sbi\Helpers\PluginSilentUpgrader::download_package($package, $check_signatures = false) must be compatible with WP_Upgrader::download_package($package, $check_signatures = false, $hook_extra = []) di /var/www/html/surendo.co.id/wp-content/plugins/instagram-feed/inc/admin/PluginSilentUpgrader.php pada baris 279

2026-04-15T19:15:18+00:00 CRITICAL Declaration of Sbi\Helpers\PluginSilentUpgrader::download_package($package, $check_signatures = false) must be compatible with WP_Upgrader::download_package($package, $check_signatures = false, $hook_extra = []) di /var/www/html/surendo.co.id/wp-content/plugins/instagram-feed/inc/admin/PluginSilentUpgrader.php pada baris 279

2026-04-15T19:15:18+00:00 CRITICAL Declaration of Sbi\Helpers\PluginSilentUpgrader::download_package($package, $check_signatures = false) must be compatible with WP_Upgrader::download_package($package, $check_signatures = false, $hook_extra = []) di /var/www/html/surendo.co.id/wp-content/plugins/instagram-feed/inc/admin/PluginSilentUpgrader.php pada baris 279

2026-04-15T19:15:19+00:00 CRITICAL Declaration of Sbi\Helpers\PluginSilentUpgrader::download_package($package, $check_signatures = false) must be compatible with WP_Upgrader::download_package($package, $check_signatures = false, $hook_extra = []) di /var/www/html/surendo.co.id/wp-content/plugins/instagram-feed/inc/admin/PluginSilentUpgrader.php pada baris 279

2026-04-15T19:15:20+00:00 CRITICAL Declaration of Sbi\Helpers\PluginSilentUpgrader::download_package($package, $check_signatures = false) must be compatible with WP_Upgrader::download_package($package, $check_signatures = false, $hook_extra = []) di /var/www/html/surendo.co.id/wp-content/plugins/instagram-feed/inc/admin/PluginSilentUpgrader.php pada baris 279

2026-04-15T19:15:20+00:00 CRITICAL Declaration of Sbi\Helpers\PluginSilentUpgrader::download_package($package, $check_signatures = false) must be compatible with WP_Upgrader::download_package($package, $check_signatures = false, $hook_extra = []) di /var/www/html/surendo.co.id/wp-content/plugins/instagram-feed/inc/admin/PluginSilentUpgrader.php pada baris 279

2026-04-15T19:15:21+00:00 CRITICAL Declaration of Sbi\Helpers\PluginSilentUpgrader::download_package($package, $check_signatures = false) must be compatible with WP_Upgrader::download_package($package, $check_signatures = false, $hook_extra = []) di /var/www/html/surendo.co.id/wp-content/plugins/instagram-feed/inc/admin/PluginSilentUpgrader.php pada baris 279

2026-04-15T19:15:21+00:00 CRITICAL Declaration of Sbi\Helpers\PluginSilentUpgrader::download_package($package, $check_signatures = false) must be compatible with WP_Upgrader::download_package($package, $check_signatures = false, $hook_extra = []) di /var/www/html/surendo.co.id/wp-content/plugins/instagram-feed/inc/admin/PluginSilentUpgrader.php pada baris 279

2026-04-15T19:15:22+00:00 CRITICAL Declaration of Sbi\Helpers\PluginSilentUpgrader::download_package($package, $check_signatures = false) must be compatible with WP_Upgrader::download_package($package, $check_signatures = false, $hook_extra = []) di /var/www/html/surendo.co.id/wp-content/plugins/instagram-feed/inc/admin/PluginSilentUpgrader.php pada baris 279

2026-04-15T19:15:23+00:00 CRITICAL Declaration of Sbi\Helpers\PluginSilentUpgrader::download_package($package, $check_signatures = false) must be compatible with WP_Upgrader::download_package($package, $check_signatures = false, $hook_extra = []) di /var/www/html/surendo.co.id/wp-content/plugins/instagram-feed/inc/admin/PluginSilentUpgrader.php pada baris 279

2026-04-15T19:15:23+00:00 CRITICAL Declaration of Sbi\Helpers\PluginSilentUpgrader::download_package($package, $check_signatures = false) must be compatible with WP_Upgrader::download_package($package, $check_signatures = false, $hook_extra = []) di /var/www/html/surendo.co.id/wp-content/plugins/instagram-feed/inc/admin/PluginSilentUpgrader.php pada baris 279

2026-04-15T19:15:24+00:00 CRITICAL Declaration of Sbi\Helpers\PluginSilentUpgrader::download_package($package, $check_signatures = false) must be compatible with WP_Upgrader::download_package($package, $check_signatures = false, $hook_extra = []) di /var/www/html/surendo.co.id/wp-content/plugins/instagram-feed/inc/admin/PluginSilentUpgrader.php pada baris 279

2026-04-15T19:15:24+00:00 CRITICAL Declaration of Sbi\Helpers\PluginSilentUpgrader::download_package($package, $check_signatures = false) must be compatible with WP_Upgrader::download_package($package, $check_signatures = false, $hook_extra = []) di /var/www/html/surendo.co.id/wp-content/plugins/instagram-feed/inc/admin/PluginSilentUpgrader.php pada baris 279

2026-04-15T19:15:25+00:00 CRITICAL Declaration of Sbi\Helpers\PluginSilentUpgrader::download_package($package, $check_signatures = false) must be compatible with WP_Upgrader::download_package($package, $check_signatures = false, $hook_extra = []) di /var/www/html/surendo.co.id/wp-content/plugins/instagram-feed/inc/admin/PluginSilentUpgrader.php pada baris 279

2026-04-15T19:15:26+00:00 CRITICAL Declaration of Sbi\Helpers\PluginSilentUpgrader::download_package($package, $check_signatures = false) must be compatible with WP_Upgrader::download_package($package, $check_signatures = false, $hook_extra = []) di /var/www/html/surendo.co.id/wp-content/plugins/instagram-feed/inc/admin/PluginSilentUpgrader.php pada baris 279

2026-04-15T19:15:26+00:00 CRITICAL Declaration of Sbi\Helpers\PluginSilentUpgrader::download_package($package, $check_signatures = false) must be compatible with WP_Upgrader::download_package($package, $check_signatures = false, $hook_extra = []) di /var/www/html/surendo.co.id/wp-content/plugins/instagram-feed/inc/admin/PluginSilentUpgrader.php pada baris 279

2026-04-15T19:15:27+00:00 CRITICAL Declaration of Sbi\Helpers\PluginSilentUpgrader::download_package($package, $check_signatures = false) must be compatible with WP_Upgrader::download_package($package, $check_signatures = false, $hook_extra = []) di /var/www/html/surendo.co.id/wp-content/plugins/instagram-feed/inc/admin/PluginSilentUpgrader.php pada baris 279

2026-04-15T19:15:27+00:00 CRITICAL Declaration of Sbi\Helpers\PluginSilentUpgrader::download_package($package, $check_signatures = false) must be compatible with WP_Upgrader::download_package($package, $check_signatures = false, $hook_extra = []) di /var/www/html/surendo.co.id/wp-content/plugins/instagram-feed/inc/admin/PluginSilentUpgrader.php pada baris 279

2026-04-15T19:15:28+00:00 CRITICAL Declaration of Sbi\Helpers\PluginSilentUpgrader::download_package($package, $check_signatures = false) must be compatible with WP_Upgrader::download_package($package, $check_signatures = false, $hook_extra = []) di /var/www/html/surendo.co.id/wp-content/plugins/instagram-feed/inc/admin/PluginSilentUpgrader.php pada baris 279

2026-04-15T19:15:29+00:00 CRITICAL Declaration of Sbi\Helpers\PluginSilentUpgrader::download_package($package, $check_signatures = false) must be compatible with WP_Upgrader::download_package($package, $check_signatures = false, $hook_extra = []) di /var/www/html/surendo.co.id/wp-content/plugins/instagram-feed/inc/admin/PluginSilentUpgrader.php pada baris 279

2026-04-15T19:15:29+00:00 CRITICAL Declaration of Sbi\Helpers\PluginSilentUpgrader::download_package($package, $check_signatures = false) must be compatible with WP_Upgrader::download_package($package, $check_signatures = false, $hook_extra = []) di /var/www/html/surendo.co.id/wp-content/plugins/instagram-feed/inc/admin/PluginSilentUpgrader.php pada baris 279

2026-04-15T19:15:30+00:00 CRITICAL Declaration of Sbi\Helpers\PluginSilentUpgrader::download_package($package, $check_signatures = false) must be compatible with WP_Upgrader::download_package($package, $check_signatures = false, $hook_extra = []) di /var/www/html/surendo.co.id/wp-content/plugins/instagram-feed/inc/admin/PluginSilentUpgrader.php pada baris 279

2026-04-15T19:15:30+00:00 CRITICAL Declaration of Sbi\Helpers\PluginSilentUpgrader::download_package($package, $check_signatures = false) must be compatible with WP_Upgrader::download_package($package, $check_signatures = false, $hook_extra = []) di /var/www/html/surendo.co.id/wp-content/plugins/instagram-feed/inc/admin/PluginSilentUpgrader.php pada baris 279

2026-04-15T19:15:31+00:00 CRITICAL Declaration of Sbi\Helpers\PluginSilentUpgrader::download_package($package, $check_signatures = false) must be compatible with WP_Upgrader::download_package($package, $check_signatures = false, $hook_extra = []) di /var/www/html/surendo.co.id/wp-content/plugins/instagram-feed/inc/admin/PluginSilentUpgrader.php pada baris 279

2026-04-15T19:15:32+00:00 CRITICAL Declaration of Sbi\Helpers\PluginSilentUpgrader::download_package($package, $check_signatures = false) must be compatible with WP_Upgrader::download_package($package, $check_signatures = false, $hook_extra = []) di /var/www/html/surendo.co.id/wp-content/plugins/instagram-feed/inc/admin/PluginSilentUpgrader.php pada baris 279

2026-04-15T19:15:32+00:00 CRITICAL Declaration of Sbi\Helpers\PluginSilentUpgrader::download_package($package, $check_signatures = false) must be compatible with WP_Upgrader::download_package($package, $check_signatures = false, $hook_extra = []) di /var/www/html/surendo.co.id/wp-content/plugins/instagram-feed/inc/admin/PluginSilentUpgrader.php pada baris 279

2026-04-15T19:15:33+00:00 CRITICAL Declaration of Sbi\Helpers\PluginSilentUpgrader::download_package($package, $check_signatures = false) must be compatible with WP_Upgrader::download_package($package, $check_signatures = false, $hook_extra = []) di /var/www/html/surendo.co.id/wp-content/plugins/instagram-feed/inc/admin/PluginSilentUpgrader.php pada baris 279

2026-04-15T19:15:33+00:00 CRITICAL Declaration of Sbi\Helpers\PluginSilentUpgrader::download_package($package, $check_signatures = false) must be compatible with WP_Upgrader::download_package($package, $check_signatures = false, $hook_extra = []) di /var/www/html/surendo.co.id/wp-content/plugins/instagram-feed/inc/admin/PluginSilentUpgrader.php pada baris 279

2026-04-15T19:15:34+00:00 CRITICAL Declaration of Sbi\Helpers\PluginSilentUpgrader::download_package($package, $check_signatures = false) must be compatible with WP_Upgrader::download_package($package, $check_signatures = false, $hook_extra = []) di /var/www/html/surendo.co.id/wp-content/plugins/instagram-feed/inc/admin/PluginSilentUpgrader.php pada baris 279

2026-04-15T19:15:35+00:00 CRITICAL Declaration of Sbi\Helpers\PluginSilentUpgrader::download_package($package, $check_signatures = false) must be compatible with WP_Upgrader::download_package($package, $check_signatures = false, $hook_extra = []) di /var/www/html/surendo.co.id/wp-content/plugins/instagram-feed/inc/admin/PluginSilentUpgrader.php pada baris 279

2026-04-15T19:15:35+00:00 CRITICAL Declaration of Sbi\Helpers\PluginSilentUpgrader::download_package($package, $check_signatures = false) must be compatible with WP_Upgrader::download_package($package, $check_signatures = false, $hook_extra = []) di /var/www/html/surendo.co.id/wp-content/plugins/instagram-feed/inc/admin/PluginSilentUpgrader.php pada baris 279

2026-04-15T19:15:36+00:00 CRITICAL Declaration of Sbi\Helpers\PluginSilentUpgrader::download_package($package, $check_signatures = false) must be compatible with WP_Upgrader::download_package($package, $check_signatures = false, $hook_extra = []) di /var/www/html/surendo.co.id/wp-content/plugins/instagram-feed/inc/admin/PluginSilentUpgrader.php pada baris 279

2026-04-15T19:15:37+00:00 CRITICAL Declaration of Sbi\Helpers\PluginSilentUpgrader::download_package($package, $check_signatures = false) must be compatible with WP_Upgrader::download_package($package, $check_signatures = false, $hook_extra = []) di /var/www/html/surendo.co.id/wp-content/plugins/instagram-feed/inc/admin/PluginSilentUpgrader.php pada baris 279

2026-04-15T19:15:37+00:00 CRITICAL Declaration of Sbi\Helpers\PluginSilentUpgrader::download_package($package, $check_signatures = false) must be compatible with WP_Upgrader::download_package($package, $check_signatures = false, $hook_extra = []) di /var/www/html/surendo.co.id/wp-content/plugins/instagram-feed/inc/admin/PluginSilentUpgrader.php pada baris 279

2026-04-15T19:15:38+00:00 CRITICAL Declaration of Sbi\Helpers\PluginSilentUpgrader::download_package($package, $check_signatures = false) must be compatible with WP_Upgrader::download_package($package, $check_signatures = false, $hook_extra = []) di /var/www/html/surendo.co.id/wp-content/plugins/instagram-feed/inc/admin/PluginSilentUpgrader.php pada baris 279

2026-04-15T19:15:38+00:00 CRITICAL Declaration of Sbi\Helpers\PluginSilentUpgrader::download_package($package, $check_signatures = false) must be compatible with WP_Upgrader::download_package($package, $check_signatures = false, $hook_extra = []) di /var/www/html/surendo.co.id/wp-content/plugins/instagram-feed/inc/admin/PluginSilentUpgrader.php pada baris 279

2026-04-15T19:15:39+00:00 CRITICAL Declaration of Sbi\Helpers\PluginSilentUpgrader::download_package($package, $check_signatures = false) must be compatible with WP_Upgrader::download_package($package, $check_signatures = false, $hook_extra = []) di /var/www/html/surendo.co.id/wp-content/plugins/instagram-feed/inc/admin/PluginSilentUpgrader.php pada baris 279

2026-04-15T19:15:40+00:00 CRITICAL Declaration of Sbi\Helpers\PluginSilentUpgrader::download_package($package, $check_signatures = false) must be compatible with WP_Upgrader::download_package($package, $check_signatures = false, $hook_extra = []) di /var/www/html/surendo.co.id/wp-content/plugins/instagram-feed/inc/admin/PluginSilentUpgrader.php pada baris 279

2026-04-15T19:15:40+00:00 CRITICAL Declaration of Sbi\Helpers\PluginSilentUpgrader::download_package($package, $check_signatures = false) must be compatible with WP_Upgrader::download_package($package, $check_signatures = false, $hook_extra = []) di /var/www/html/surendo.co.id/wp-content/plugins/instagram-feed/inc/admin/PluginSilentUpgrader.php pada baris 279

2026-04-15T19:15:41+00:00 CRITICAL Declaration of Sbi\Helpers\PluginSilentUpgrader::download_package($package, $check_signatures = false) must be compatible with WP_Upgrader::download_package($package, $check_signatures = false, $hook_extra = []) di /var/www/html/surendo.co.id/wp-content/plugins/instagram-feed/inc/admin/PluginSilentUpgrader.php pada baris 279

2026-04-15T19:15:41+00:00 CRITICAL Declaration of Sbi\Helpers\PluginSilentUpgrader::download_package($package, $check_signatures = false) must be compatible with WP_Upgrader::download_package($package, $check_signatures = false, $hook_extra = []) di /var/www/html/surendo.co.id/wp-content/plugins/instagram-feed/inc/admin/PluginSilentUpgrader.php pada baris 279

2026-04-15T19:15:42+00:00 CRITICAL Declaration of Sbi\Helpers\PluginSilentUpgrader::download_package($package, $check_signatures = false) must be compatible with WP_Upgrader::download_package($package, $check_signatures = false, $hook_extra = []) di /var/www/html/surendo.co.id/wp-content/plugins/instagram-feed/inc/admin/PluginSilentUpgrader.php pada baris 279

2026-04-15T19:15:43+00:00 CRITICAL Declaration of Sbi\Helpers\PluginSilentUpgrader::download_package($package, $check_signatures = false) must be compatible with WP_Upgrader::download_package($package, $check_signatures = false, $hook_extra = []) di /var/www/html/surendo.co.id/wp-content/plugins/instagram-feed/inc/admin/PluginSilentUpgrader.php pada baris 279

2026-04-15T19:15:43+00:00 CRITICAL Declaration of Sbi\Helpers\PluginSilentUpgrader::download_package($package, $check_signatures = false) must be compatible with WP_Upgrader::download_package($package, $check_signatures = false, $hook_extra = []) di /var/www/html/surendo.co.id/wp-content/plugins/instagram-feed/inc/admin/PluginSilentUpgrader.php pada baris 279

2026-04-15T19:15:44+00:00 CRITICAL Declaration of Sbi\Helpers\PluginSilentUpgrader::download_package($package, $check_signatures = false) must be compatible with WP_Upgrader::download_package($package, $check_signatures = false, $hook_extra = []) di /var/www/html/surendo.co.id/wp-content/plugins/instagram-feed/inc/admin/PluginSilentUpgrader.php pada baris 279

2026-04-15T19:15:44+00:00 CRITICAL Declaration of Sbi\Helpers\PluginSilentUpgrader::download_package($package, $check_signatures = false) must be compatible with WP_Upgrader::download_package($package, $check_signatures = false, $hook_extra = []) di /var/www/html/surendo.co.id/wp-content/plugins/instagram-feed/inc/admin/PluginSilentUpgrader.php pada baris 279

2026-04-15T19:15:45+00:00 CRITICAL Declaration of Sbi\Helpers\PluginSilentUpgrader::download_package($package, $check_signatures = false) must be compatible with WP_Upgrader::download_package($package, $check_signatures = false, $hook_extra = []) di /var/www/html/surendo.co.id/wp-content/plugins/instagram-feed/inc/admin/PluginSilentUpgrader.php pada baris 279

2026-04-15T19:15:45+00:00 CRITICAL Declaration of Sbi\Helpers\PluginSilentUpgrader::download_package($package, $check_signatures = false) must be compatible with WP_Upgrader::download_package($package, $check_signatures = false, $hook_extra = []) di /var/www/html/surendo.co.id/wp-content/plugins/instagram-feed/inc/admin/PluginSilentUpgrader.php pada baris 279

2026-04-15T19:15:46+00:00 CRITICAL Declaration of Sbi\Helpers\PluginSilentUpgrader::download_package($package, $check_signatures = false) must be compatible with WP_Upgrader::download_package($package, $check_signatures = false, $hook_extra = []) di /var/www/html/surendo.co.id/wp-content/plugins/instagram-feed/inc/admin/PluginSilentUpgrader.php pada baris 279

2026-04-15T19:15:47+00:00 CRITICAL Declaration of Sbi\Helpers\PluginSilentUpgrader::download_package($package, $check_signatures = false) must be compatible with WP_Upgrader::download_package($package, $check_signatures = false, $hook_extra = []) di /var/www/html/surendo.co.id/wp-content/plugins/instagram-feed/inc/admin/PluginSilentUpgrader.php pada baris 279

2026-04-15T19:15:47+00:00 CRITICAL Declaration of Sbi\Helpers\PluginSilentUpgrader::download_package($package, $check_signatures = false) must be compatible with WP_Upgrader::download_package($package, $check_signatures = false, $hook_extra = []) di /var/www/html/surendo.co.id/wp-content/plugins/instagram-feed/inc/admin/PluginSilentUpgrader.php pada baris 279

2026-04-15T19:15:48+00:00 CRITICAL Declaration of Sbi\Helpers\PluginSilentUpgrader::download_package($package, $check_signatures = false) must be compatible with WP_Upgrader::download_package($package, $check_signatures = false, $hook_extra = []) di /var/www/html/surendo.co.id/wp-content/plugins/instagram-feed/inc/admin/PluginSilentUpgrader.php pada baris 279

2026-04-15T19:15:49+00:00 CRITICAL Declaration of Sbi\Helpers\PluginSilentUpgrader::download_package($package, $check_signatures = false) must be compatible with WP_Upgrader::download_package($package, $check_signatures = false, $hook_extra = []) di /var/www/html/surendo.co.id/wp-content/plugins/instagram-feed/inc/admin/PluginSilentUpgrader.php pada baris 279

2026-04-15T19:15:49+00:00 CRITICAL Declaration of Sbi\Helpers\PluginSilentUpgrader::download_package($package, $check_signatures = false) must be compatible with WP_Upgrader::download_package($package, $check_signatures = false, $hook_extra = []) di /var/www/html/surendo.co.id/wp-content/plugins/instagram-feed/inc/admin/PluginSilentUpgrader.php pada baris 279

2026-04-15T19:15:50+00:00 CRITICAL Declaration of Sbi\Helpers\PluginSilentUpgrader::download_package($package, $check_signatures = false) must be compatible with WP_Upgrader::download_package($package, $check_signatures = false, $hook_extra = []) di /var/www/html/surendo.co.id/wp-content/plugins/instagram-feed/inc/admin/PluginSilentUpgrader.php pada baris 279

2026-04-15T19:15:50+00:00 CRITICAL Declaration of Sbi\Helpers\PluginSilentUpgrader::download_package($package, $check_signatures = false) must be compatible with WP_Upgrader::download_package($package, $check_signatures = false, $hook_extra = []) di /var/www/html/surendo.co.id/wp-content/plugins/instagram-feed/inc/admin/PluginSilentUpgrader.php pada baris 279

2026-04-15T19:15:51+00:00 CRITICAL Declaration of Sbi\Helpers\PluginSilentUpgrader::download_package($package, $check_signatures = false) must be compatible with WP_Upgrader::download_package($package, $check_signatures = false, $hook_extra = []) di /var/www/html/surendo.co.id/wp-content/plugins/instagram-feed/inc/admin/PluginSilentUpgrader.php pada baris 279

2026-04-15T19:15:52+00:00 CRITICAL Declaration of Sbi\Helpers\PluginSilentUpgrader::download_package($package, $check_signatures = false) must be compatible with WP_Upgrader::download_package($package, $check_signatures = false, $hook_extra = []) di /var/www/html/surendo.co.id/wp-content/plugins/instagram-feed/inc/admin/PluginSilentUpgrader.php pada baris 279

2026-04-15T19:15:52+00:00 CRITICAL Declaration of Sbi\Helpers\PluginSilentUpgrader::download_package($package, $check_signatures = false) must be compatible with WP_Upgrader::download_package($package, $check_signatures = false, $hook_extra = []) di /var/www/html/surendo.co.id/wp-content/plugins/instagram-feed/inc/admin/PluginSilentUpgrader.php pada baris 279

2026-04-15T19:15:53+00:00 CRITICAL Declaration of Sbi\Helpers\PluginSilentUpgrader::download_package($package, $check_signatures = false) must be compatible with WP_Upgrader::download_package($package, $check_signatures = false, $hook_extra = []) di /var/www/html/surendo.co.id/wp-content/plugins/instagram-feed/inc/admin/PluginSilentUpgrader.php pada baris 279

2026-04-15T19:15:54+00:00 CRITICAL Declaration of Sbi\Helpers\PluginSilentUpgrader::download_package($package, $check_signatures = false) must be compatible with WP_Upgrader::download_package($package, $check_signatures = false, $hook_extra = []) di /var/www/html/surendo.co.id/wp-content/plugins/instagram-feed/inc/admin/PluginSilentUpgrader.php pada baris 279

2026-04-15T19:15:54+00:00 CRITICAL Declaration of Sbi\Helpers\PluginSilentUpgrader::download_package($package, $check_signatures = false) must be compatible with WP_Upgrader::download_package($package, $check_signatures = false, $hook_extra = []) di /var/www/html/surendo.co.id/wp-content/plugins/instagram-feed/inc/admin/PluginSilentUpgrader.php pada baris 279

2026-04-15T19:15:55+00:00 CRITICAL Declaration of Sbi\Helpers\PluginSilentUpgrader::download_package($package, $check_signatures = false) must be compatible with WP_Upgrader::download_package($package, $check_signatures = false, $hook_extra = []) di /var/www/html/surendo.co.id/wp-content/plugins/instagram-feed/inc/admin/PluginSilentUpgrader.php pada baris 279

2026-04-15T19:15:57+00:00 CRITICAL Declaration of Sbi\Helpers\PluginSilentUpgrader::download_package($package, $check_signatures = false) must be compatible with WP_Upgrader::download_package($package, $check_signatures = false, $hook_extra = []) di /var/www/html/surendo.co.id/wp-content/plugins/instagram-feed/inc/admin/PluginSilentUpgrader.php pada baris 279

2026-04-15T19:15:57+00:00 CRITICAL Declaration of Sbi\Helpers\PluginSilentUpgrader::download_package($package, $check_signatures = false) must be compatible with WP_Upgrader::download_package($package, $check_signatures = false, $hook_extra = []) di /var/www/html/surendo.co.id/wp-content/plugins/instagram-feed/inc/admin/PluginSilentUpgrader.php pada baris 279

2026-04-15T19:15:58+00:00 CRITICAL Declaration of Sbi\Helpers\PluginSilentUpgrader::download_package($package, $check_signatures = false) must be compatible with WP_Upgrader::download_package($package, $check_signatures = false, $hook_extra = []) di /var/www/html/surendo.co.id/wp-content/plugins/instagram-feed/inc/admin/PluginSilentUpgrader.php pada baris 279

2026-04-15T19:15:58+00:00 CRITICAL Declaration of Sbi\Helpers\PluginSilentUpgrader::download_package($package, $check_signatures = false) must be compatible with WP_Upgrader::download_package($package, $check_signatures = false, $hook_extra = []) di /var/www/html/surendo.co.id/wp-content/plugins/instagram-feed/inc/admin/PluginSilentUpgrader.php pada baris 279

2026-04-15T19:15:59+00:00 CRITICAL Declaration of Sbi\Helpers\PluginSilentUpgrader::download_package($package, $check_signatures = false) must be compatible with WP_Upgrader::download_package($package, $check_signatures = false, $hook_extra = []) di /var/www/html/surendo.co.id/wp-content/plugins/instagram-feed/inc/admin/PluginSilentUpgrader.php pada baris 279

2026-04-15T19:16:00+00:00 CRITICAL Declaration of Sbi\Helpers\PluginSilentUpgrader::download_package($package, $check_signatures = false) must be compatible with WP_Upgrader::download_package($package, $check_signatures = false, $hook_extra = []) di /var/www/html/surendo.co.id/wp-content/plugins/instagram-feed/inc/admin/PluginSilentUpgrader.php pada baris 279

2026-04-15T19:16:00+00:00 CRITICAL Declaration of Sbi\Helpers\PluginSilentUpgrader::download_package($package, $check_signatures = false) must be compatible with WP_Upgrader::download_package($package, $check_signatures = false, $hook_extra = []) di /var/www/html/surendo.co.id/wp-content/plugins/instagram-feed/inc/admin/PluginSilentUpgrader.php pada baris 279

2026-04-15T19:16:01+00:00 CRITICAL Declaration of Sbi\Helpers\PluginSilentUpgrader::download_package($package, $check_signatures = false) must be compatible with WP_Upgrader::download_package($package, $check_signatures = false, $hook_extra = []) di /var/www/html/surendo.co.id/wp-content/plugins/instagram-feed/inc/admin/PluginSilentUpgrader.php pada baris 279

2026-04-15T19:16:01+00:00 CRITICAL Declaration of Sbi\Helpers\PluginSilentUpgrader::download_package($package, $check_signatures = false) must be compatible with WP_Upgrader::download_package($package, $check_signatures = false, $hook_extra = []) di /var/www/html/surendo.co.id/wp-content/plugins/instagram-feed/inc/admin/PluginSilentUpgrader.php pada baris 279

2026-04-15T19:16:02+00:00 CRITICAL Declaration of Sbi\Helpers\PluginSilentUpgrader::download_package($package, $check_signatures = false) must be compatible with WP_Upgrader::download_package($package, $check_signatures = false, $hook_extra = []) di /var/www/html/surendo.co.id/wp-content/plugins/instagram-feed/inc/admin/PluginSilentUpgrader.php pada baris 279

2026-04-15T19:16:02+00:00 CRITICAL Declaration of Sbi\Helpers\PluginSilentUpgrader::download_package($package, $check_signatures = false) must be compatible with WP_Upgrader::download_package($package, $check_signatures = false, $hook_extra = []) di /var/www/html/surendo.co.id/wp-content/plugins/instagram-feed/inc/admin/PluginSilentUpgrader.php pada baris 279

2026-04-15T19:16:03+00:00 CRITICAL Declaration of Sbi\Helpers\PluginSilentUpgrader::download_package($package, $check_signatures = false) must be compatible with WP_Upgrader::download_package($package, $check_signatures = false, $hook_extra = []) di /var/www/html/surendo.co.id/wp-content/plugins/instagram-feed/inc/admin/PluginSilentUpgrader.php pada baris 279

2026-04-15T19:16:04+00:00 CRITICAL Declaration of Sbi\Helpers\PluginSilentUpgrader::download_package($package, $check_signatures = false) must be compatible with WP_Upgrader::download_package($package, $check_signatures = false, $hook_extra = []) di /var/www/html/surendo.co.id/wp-content/plugins/instagram-feed/inc/admin/PluginSilentUpgrader.php pada baris 279

2026-04-15T19:16:11+00:00 CRITICAL Declaration of Sbi\Helpers\PluginSilentUpgrader::download_package($package, $check_signatures = false) must be compatible with WP_Upgrader::download_package($package, $check_signatures = false, $hook_extra = []) di /var/www/html/surendo.co.id/wp-content/plugins/instagram-feed/inc/admin/PluginSilentUpgrader.php pada baris 279

2026-04-15T19:16:11+00:00 CRITICAL Declaration of Sbi\Helpers\PluginSilentUpgrader::download_package($package, $check_signatures = false) must be compatible with WP_Upgrader::download_package($package, $check_signatures = false, $hook_extra = []) di /var/www/html/surendo.co.id/wp-content/plugins/instagram-feed/inc/admin/PluginSilentUpgrader.php pada baris 279

2026-04-15T19:16:12+00:00 CRITICAL Declaration of Sbi\Helpers\PluginSilentUpgrader::download_package($package, $check_signatures = false) must be compatible with WP_Upgrader::download_package($package, $check_signatures = false, $hook_extra = []) di /var/www/html/surendo.co.id/wp-content/plugins/instagram-feed/inc/admin/PluginSilentUpgrader.php pada baris 279

2026-04-15T19:16:14+00:00 CRITICAL Declaration of Sbi\Helpers\PluginSilentUpgrader::download_package($package, $check_signatures = false) must be compatible with WP_Upgrader::download_package($package, $check_signatures = false, $hook_extra = []) di /var/www/html/surendo.co.id/wp-content/plugins/instagram-feed/inc/admin/PluginSilentUpgrader.php pada baris 279

2026-04-15T19:16:14+00:00 CRITICAL Declaration of Sbi\Helpers\PluginSilentUpgrader::download_package($package, $check_signatures = false) must be compatible with WP_Upgrader::download_package($package, $check_signatures = false, $hook_extra = []) di /var/www/html/surendo.co.id/wp-content/plugins/instagram-feed/inc/admin/PluginSilentUpgrader.php pada baris 279

2026-04-15T19:16:15+00:00 CRITICAL Declaration of Sbi\Helpers\PluginSilentUpgrader::download_package($package, $check_signatures = false) must be compatible with WP_Upgrader::download_package($package, $check_signatures = false, $hook_extra = []) di /var/www/html/surendo.co.id/wp-content/plugins/instagram-feed/inc/admin/PluginSilentUpgrader.php pada baris 279

2026-04-15T19:16:16+00:00 CRITICAL Declaration of Sbi\Helpers\PluginSilentUpgrader::download_package($package, $check_signatures = false) must be compatible with WP_Upgrader::download_package($package, $check_signatures = false, $hook_extra = []) di /var/www/html/surendo.co.id/wp-content/plugins/instagram-feed/inc/admin/PluginSilentUpgrader.php pada baris 279

2026-04-15T19:16:16+00:00 CRITICAL Declaration of Sbi\Helpers\PluginSilentUpgrader::download_package($package, $check_signatures = false) must be compatible with WP_Upgrader::download_package($package, $check_signatures = false, $hook_extra = []) di /var/www/html/surendo.co.id/wp-content/plugins/instagram-feed/inc/admin/PluginSilentUpgrader.php pada baris 279

2026-04-15T19:16:17+00:00 CRITICAL Declaration of Sbi\Helpers\PluginSilentUpgrader::download_package($package, $check_signatures = false) must be compatible with WP_Upgrader::download_package($package, $check_signatures = false, $hook_extra = []) di /var/www/html/surendo.co.id/wp-content/plugins/instagram-feed/inc/admin/PluginSilentUpgrader.php pada baris 279

2026-04-15T19:16:17+00:00 CRITICAL Declaration of Sbi\Helpers\PluginSilentUpgrader::download_package($package, $check_signatures = false) must be compatible with WP_Upgrader::download_package($package, $check_signatures = false, $hook_extra = []) di /var/www/html/surendo.co.id/wp-content/plugins/instagram-feed/inc/admin/PluginSilentUpgrader.php pada baris 279

2026-04-15T19:16:18+00:00 CRITICAL Declaration of Sbi\Helpers\PluginSilentUpgrader::download_package($package, $check_signatures = false) must be compatible with WP_Upgrader::download_package($package, $check_signatures = false, $hook_extra = []) di /var/www/html/surendo.co.id/wp-content/plugins/instagram-feed/inc/admin/PluginSilentUpgrader.php pada baris 279

2026-04-15T19:16:19+00:00 CRITICAL Declaration of Sbi\Helpers\PluginSilentUpgrader::download_package($package, $check_signatures = false) must be compatible with WP_Upgrader::download_package($package, $check_signatures = false, $hook_extra = []) di /var/www/html/surendo.co.id/wp-content/plugins/instagram-feed/inc/admin/PluginSilentUpgrader.php pada baris 279

2026-04-15T19:16:19+00:00 CRITICAL Declaration of Sbi\Helpers\PluginSilentUpgrader::download_package($package, $check_signatures = false) must be compatible with WP_Upgrader::download_package($package, $check_signatures = false, $hook_extra = []) di /var/www/html/surendo.co.id/wp-content/plugins/instagram-feed/inc/admin/PluginSilentUpgrader.php pada baris 279

2026-04-15T19:16:20+00:00 CRITICAL Declaration of Sbi\Helpers\PluginSilentUpgrader::download_package($package, $check_signatures = false) must be compatible with WP_Upgrader::download_package($package, $check_signatures = false, $hook_extra = []) di /var/www/html/surendo.co.id/wp-content/plugins/instagram-feed/inc/admin/PluginSilentUpgrader.php pada baris 279

2026-04-15T19:16:20+00:00 CRITICAL Declaration of Sbi\Helpers\PluginSilentUpgrader::download_package($package, $check_signatures = false) must be compatible with WP_Upgrader::download_package($package, $check_signatures = false, $hook_extra = []) di /var/www/html/surendo.co.id/wp-content/plugins/instagram-feed/inc/admin/PluginSilentUpgrader.php pada baris 279

2026-04-15T19:16:21+00:00 CRITICAL Declaration of Sbi\Helpers\PluginSilentUpgrader::download_package($package, $check_signatures = false) must be compatible with WP_Upgrader::download_package($package, $check_signatures = false, $hook_extra = []) di /var/www/html/surendo.co.id/wp-content/plugins/instagram-feed/inc/admin/PluginSilentUpgrader.php pada baris 279

2026-04-15T19:16:22+00:00 CRITICAL Declaration of Sbi\Helpers\PluginSilentUpgrader::download_package($package, $check_signatures = false) must be compatible with WP_Upgrader::download_package($package, $check_signatures = false, $hook_extra = []) di /var/www/html/surendo.co.id/wp-content/plugins/instagram-feed/inc/admin/PluginSilentUpgrader.php pada baris 279

2026-04-15T19:16:23+00:00 CRITICAL Declaration of Sbi\Helpers\PluginSilentUpgrader::download_package($package, $check_signatures = false) must be compatible with WP_Upgrader::download_package($package, $check_signatures = false, $hook_extra = []) di /var/www/html/surendo.co.id/wp-content/plugins/instagram-feed/inc/admin/PluginSilentUpgrader.php pada baris 279

2026-04-15T19:16:24+00:00 CRITICAL Declaration of Sbi\Helpers\PluginSilentUpgrader::download_package($package, $check_signatures = false) must be compatible with WP_Upgrader::download_package($package, $check_signatures = false, $hook_extra = []) di /var/www/html/surendo.co.id/wp-content/plugins/instagram-feed/inc/admin/PluginSilentUpgrader.php pada baris 279

2026-04-15T19:16:24+00:00 CRITICAL Declaration of Sbi\Helpers\PluginSilentUpgrader::download_package($package, $check_signatures = false) must be compatible with WP_Upgrader::download_package($package, $check_signatures = false, $hook_extra = []) di /var/www/html/surendo.co.id/wp-content/plugins/instagram-feed/inc/admin/PluginSilentUpgrader.php pada baris 279

2026-04-15T19:16:25+00:00 CRITICAL Declaration of Sbi\Helpers\PluginSilentUpgrader::download_package($package, $check_signatures = false) must be compatible with WP_Upgrader::download_package($package, $check_signatures = false, $hook_extra = []) di /var/www/html/surendo.co.id/wp-content/plugins/instagram-feed/inc/admin/PluginSilentUpgrader.php pada baris 279

2026-04-15T19:16:26+00:00 CRITICAL Declaration of Sbi\Helpers\PluginSilentUpgrader::download_package($package, $check_signatures = false) must be compatible with WP_Upgrader::download_package($package, $check_signatures = false, $hook_extra = []) di /var/www/html/surendo.co.id/wp-content/plugins/instagram-feed/inc/admin/PluginSilentUpgrader.php pada baris 279

2026-04-15T19:16:26+00:00 CRITICAL Declaration of Sbi\Helpers\PluginSilentUpgrader::download_package($package, $check_signatures = false) must be compatible with WP_Upgrader::download_package($package, $check_signatures = false, $hook_extra = []) di /var/www/html/surendo.co.id/wp-content/plugins/instagram-feed/inc/admin/PluginSilentUpgrader.php pada baris 279

2026-04-15T19:16:27+00:00 CRITICAL Declaration of Sbi\Helpers\PluginSilentUpgrader::download_package($package, $check_signatures = false) must be compatible with WP_Upgrader::download_package($package, $check_signatures = false, $hook_extra = []) di /var/www/html/surendo.co.id/wp-content/plugins/instagram-feed/inc/admin/PluginSilentUpgrader.php pada baris 279

2026-04-15T19:16:27+00:00 CRITICAL Declaration of Sbi\Helpers\PluginSilentUpgrader::download_package($package, $check_signatures = false) must be compatible with WP_Upgrader::download_package($package, $check_signatures = false, $hook_extra = []) di /var/www/html/surendo.co.id/wp-content/plugins/instagram-feed/inc/admin/PluginSilentUpgrader.php pada baris 279

2026-04-15T19:16:28+00:00 CRITICAL Declaration of Sbi\Helpers\PluginSilentUpgrader::download_package($package, $check_signatures = false) must be compatible with WP_Upgrader::download_package($package, $check_signatures = false, $hook_extra = []) di /var/www/html/surendo.co.id/wp-content/plugins/instagram-feed/inc/admin/PluginSilentUpgrader.php pada baris 279

2026-04-15T19:16:29+00:00 CRITICAL Declaration of Sbi\Helpers\PluginSilentUpgrader::download_package($package, $check_signatures = false) must be compatible with WP_Upgrader::download_package($package, $check_signatures = false, $hook_extra = []) di /var/www/html/surendo.co.id/wp-content/plugins/instagram-feed/inc/admin/PluginSilentUpgrader.php pada baris 279

2026-04-15T19:16:29+00:00 CRITICAL Declaration of Sbi\Helpers\PluginSilentUpgrader::download_package($package, $check_signatures = false) must be compatible with WP_Upgrader::download_package($package, $check_signatures = false, $hook_extra = []) di /var/www/html/surendo.co.id/wp-content/plugins/instagram-feed/inc/admin/PluginSilentUpgrader.php pada baris 279

2026-04-15T19:16:30+00:00 CRITICAL Declaration of Sbi\Helpers\PluginSilentUpgrader::download_package($package, $check_signatures = false) must be compatible with WP_Upgrader::download_package($package, $check_signatures = false, $hook_extra = []) di /var/www/html/surendo.co.id/wp-content/plugins/instagram-feed/inc/admin/PluginSilentUpgrader.php pada baris 279

2026-04-15T19:16:30+00:00 CRITICAL Declaration of Sbi\Helpers\PluginSilentUpgrader::download_package($package, $check_signatures = false) must be compatible with WP_Upgrader::download_package($package, $check_signatures = false, $hook_extra = []) di /var/www/html/surendo.co.id/wp-content/plugins/instagram-feed/inc/admin/PluginSilentUpgrader.php pada baris 279

2026-04-15T19:16:31+00:00 CRITICAL Declaration of Sbi\Helpers\PluginSilentUpgrader::download_package($package, $check_signatures = false) must be compatible with WP_Upgrader::download_package($package, $check_signatures = false, $hook_extra = []) di /var/www/html/surendo.co.id/wp-content/plugins/instagram-feed/inc/admin/PluginSilentUpgrader.php pada baris 279

2026-04-15T19:16:32+00:00 CRITICAL Declaration of Sbi\Helpers\PluginSilentUpgrader::download_package($package, $check_signatures = false) must be compatible with WP_Upgrader::download_package($package, $check_signatures = false, $hook_extra = []) di /var/www/html/surendo.co.id/wp-content/plugins/instagram-feed/inc/admin/PluginSilentUpgrader.php pada baris 279

2026-04-15T19:16:32+00:00 CRITICAL Declaration of Sbi\Helpers\PluginSilentUpgrader::download_package($package, $check_signatures = false) must be compatible with WP_Upgrader::download_package($package, $check_signatures = false, $hook_extra = []) di /var/www/html/surendo.co.id/wp-content/plugins/instagram-feed/inc/admin/PluginSilentUpgrader.php pada baris 279

2026-04-15T19:16:33+00:00 CRITICAL Declaration of Sbi\Helpers\PluginSilentUpgrader::download_package($package, $check_signatures = false) must be compatible with WP_Upgrader::download_package($package, $check_signatures = false, $hook_extra = []) di /var/www/html/surendo.co.id/wp-content/plugins/instagram-feed/inc/admin/PluginSilentUpgrader.php pada baris 279

2026-04-15T19:16:33+00:00 CRITICAL Declaration of Sbi\Helpers\PluginSilentUpgrader::download_package($package, $check_signatures = false) must be compatible with WP_Upgrader::download_package($package, $check_signatures = false, $hook_extra = []) di /var/www/html/surendo.co.id/wp-content/plugins/instagram-feed/inc/admin/PluginSilentUpgrader.php pada baris 279

2026-04-15T19:16:34+00:00 CRITICAL Declaration of Sbi\Helpers\PluginSilentUpgrader::download_package($package, $check_signatures = false) must be compatible with WP_Upgrader::download_package($package, $check_signatures = false, $hook_extra = []) di /var/www/html/surendo.co.id/wp-content/plugins/instagram-feed/inc/admin/PluginSilentUpgrader.php pada baris 279

2026-04-15T19:16:35+00:00 CRITICAL Declaration of Sbi\Helpers\PluginSilentUpgrader::download_package($package, $check_signatures = false) must be compatible with WP_Upgrader::download_package($package, $check_signatures = false, $hook_extra = []) di /var/www/html/surendo.co.id/wp-content/plugins/instagram-feed/inc/admin/PluginSilentUpgrader.php pada baris 279

2026-04-15T19:16:35+00:00 CRITICAL Declaration of Sbi\Helpers\PluginSilentUpgrader::download_package($package, $check_signatures = false) must be compatible with WP_Upgrader::download_package($package, $check_signatures = false, $hook_extra = []) di /var/www/html/surendo.co.id/wp-content/plugins/instagram-feed/inc/admin/PluginSilentUpgrader.php pada baris 279

2026-04-15T19:16:36+00:00 CRITICAL Declaration of Sbi\Helpers\PluginSilentUpgrader::download_package($package, $check_signatures = false) must be compatible with WP_Upgrader::download_package($package, $check_signatures = false, $hook_extra = []) di /var/www/html/surendo.co.id/wp-content/plugins/instagram-feed/inc/admin/PluginSilentUpgrader.php pada baris 279

2026-04-15T19:16:37+00:00 CRITICAL Declaration of Sbi\Helpers\PluginSilentUpgrader::download_package($package, $check_signatures = false) must be compatible with WP_Upgrader::download_package($package, $check_signatures = false, $hook_extra = []) di /var/www/html/surendo.co.id/wp-content/plugins/instagram-feed/inc/admin/PluginSilentUpgrader.php pada baris 279

2026-04-15T19:16:37+00:00 CRITICAL Declaration of Sbi\Helpers\PluginSilentUpgrader::download_package($package, $check_signatures = false) must be compatible with WP_Upgrader::download_package($package, $check_signatures = false, $hook_extra = []) di /var/www/html/surendo.co.id/wp-content/plugins/instagram-feed/inc/admin/PluginSilentUpgrader.php pada baris 279

2026-04-15T19:16:38+00:00 CRITICAL Declaration of Sbi\Helpers\PluginSilentUpgrader::download_package($package, $check_signatures = false) must be compatible with WP_Upgrader::download_package($package, $check_signatures = false, $hook_extra = []) di /var/www/html/surendo.co.id/wp-content/plugins/instagram-feed/inc/admin/PluginSilentUpgrader.php pada baris 279

2026-04-15T19:16:38+00:00 CRITICAL Declaration of Sbi\Helpers\PluginSilentUpgrader::download_package($package, $check_signatures = false) must be compatible with WP_Upgrader::download_package($package, $check_signatures = false, $hook_extra = []) di /var/www/html/surendo.co.id/wp-content/plugins/instagram-feed/inc/admin/PluginSilentUpgrader.php pada baris 279

2026-04-15T19:16:39+00:00 CRITICAL Declaration of Sbi\Helpers\PluginSilentUpgrader::download_package($package, $check_signatures = false) must be compatible with WP_Upgrader::download_package($package, $check_signatures = false, $hook_extra = []) di /var/www/html/surendo.co.id/wp-content/plugins/instagram-feed/inc/admin/PluginSilentUpgrader.php pada baris 279

2026-04-15T19:16:40+00:00 CRITICAL Declaration of Sbi\Helpers\PluginSilentUpgrader::download_package($package, $check_signatures = false) must be compatible with WP_Upgrader::download_package($package, $check_signatures = false, $hook_extra = []) di /var/www/html/surendo.co.id/wp-content/plugins/instagram-feed/inc/admin/PluginSilentUpgrader.php pada baris 279

2026-04-15T20:44:56+00:00 CRITICAL Declaration of Sbi\Helpers\PluginSilentUpgrader::download_package($package, $check_signatures = false) must be compatible with WP_Upgrader::download_package($package, $check_signatures = false, $hook_extra = []) di /var/www/html/surendo.co.id/wp-content/plugins/instagram-feed/inc/admin/PluginSilentUpgrader.php pada baris 279

2026-04-15T21:10:17+00:00 CRITICAL Declaration of Sbi\Helpers\PluginSilentUpgrader::download_package($package, $check_signatures = false) must be compatible with WP_Upgrader::download_package($package, $check_signatures = false, $hook_extra = []) di /var/www/html/surendo.co.id/wp-content/plugins/instagram-feed/inc/admin/PluginSilentUpgrader.php pada baris 279

2026-04-15T21:11:36+00:00 CRITICAL Declaration of Sbi\Helpers\PluginSilentUpgrader::download_package($package, $check_signatures = false) must be compatible with WP_Upgrader::download_package($package, $check_signatures = false, $hook_extra = []) di /var/www/html/surendo.co.id/wp-content/plugins/instagram-feed/inc/admin/PluginSilentUpgrader.php pada baris 279

2026-04-15T22:10:13+00:00 CRITICAL Declaration of Sbi\Helpers\PluginSilentUpgrader::download_package($package, $check_signatures = false) must be compatible with WP_Upgrader::download_package($package, $check_signatures = false, $hook_extra = []) di /var/www/html/surendo.co.id/wp-content/plugins/instagram-feed/inc/admin/PluginSilentUpgrader.php pada baris 279

2026-04-15T22:10:22+00:00 CRITICAL Declaration of Sbi\Helpers\PluginSilentUpgrader::download_package($package, $check_signatures = false) must be compatible with WP_Upgrader::download_package($package, $check_signatures = false, $hook_extra = []) di /var/www/html/surendo.co.id/wp-content/plugins/instagram-feed/inc/admin/PluginSilentUpgrader.php pada baris 279

2026-04-15T23:44:07+00:00 CRITICAL Declaration of Sbi\Helpers\PluginSilentUpgrader::download_package($package, $check_signatures = false) must be compatible with WP_Upgrader::download_package($package, $check_signatures = false, $hook_extra = []) di /var/www/html/surendo.co.id/wp-content/plugins/instagram-feed/inc/admin/PluginSilentUpgrader.php pada baris 279

